,userId,movieId,rating
0,1,3567,6.726379310344827
1,1,913,6.252742946708464
2,1,55276,6.252742946708464
3,1,30803,6.225754310344827
4,1,27611,6.223522167487685
5,1,3972,6.223522167487685
6,1,4223,6.222049413437611
7,1,42728,6.110281749369218
8,1,55052,6.110281749369218
9,1,5066,6.110281749369218
10,1,350,6.048197492163009
11,1,141718,5.930895439377085
12,1,5882,5.83860153256705
13,1,78637,5.745689655172414
14,1,3616,5.726379310344827
15,1,3719,5.726379310344827
16,1,5152,5.722049413437611
17,1,66934,5.722049413437611
18,1,3555,5.722049413437611
19,1,96079,5.722049413437611
20,1,4011,5.721218020022247
21,1,60684,5.705356571412094
22,1,2702,5.699712643678161
23,1,2706,5.699712643678161
24,1,2829,5.699712643678161
25,1,1140,5.660496957403651
26,1,1185,5.660496957403651
27,1,1237,5.660496957403651
28,1,314,5.660496957403651
29,1,53,5.660496957403651
30,1,1633,5.660496957403651
31,1,1641,5.660496957403651
32,1,1643,5.660496957403651
33,1,1719,5.660496957403651
34,1,2762,5.626968218743606
35,1,2501,5.625
36,1,529,5.625
37,1,2076,5.625
38,1,1680,5.625
39,1,4034,5.625
40,1,69757,5.610281749369218
41,1,70599,5.610281749369218
42,1,1202,5.5330459770114935
43,1,3681,5.5330459770114935
44,1,3727,5.5330459770114935
45,1,4128,5.5330459770114935
46,1,54272,5.491379310344827
47,1,30810,5.447460391425908
48,1,46578,5.447460391425908
49,1,4979,5.447460391425908
50,1,1207,5.443032353173152
51,1,80906,5.418103448275862
52,1,131724,5.418103448275862
53,1,60756,5.418103448275862
54,1,7293,5.417871730346306
55,1,2599,5.388676288327911
56,1,239,5.33860153256705
57,1,4366,5.33860153256705
58,1,4016,5.33860153256705
59,1,2396,5.337876717939655
60,1,55247,5.336967545638945
61,1,5378,5.33399503357715
62,1,800,5.326379310344827
63,1,1357,5.310608342872293
64,1,25,5.307199238882737
65,1,58,5.307199238882737
66,1,34405,5.298229301598513
67,1,8533,5.293018029857023
68,1,984,5.292305236270753
69,1,85,5.292305236270753
70,1,1034,5.292305236270753
71,1,1041,5.292305236270753
72,1,1057,5.292305236270753
73,1,613,5.292305236270753
74,1,116,5.292305236270753
75,1,52,5.292305236270753
76,1,818,5.292305236270753
77,1,82,5.292305236270753
78,1,146662,5.286669165417291
79,1,1527,5.286669165417291
80,1,112175,5.286669165417291
81,1,177765,5.286669165417291
82,1,37729,5.285094703648049
83,1,5902,5.284902053154011
84,1,1721,5.278771469679047
85,1,3897,5.277848790758979
86,1,1276,5.252742946708464
87,1,36517,5.252742946708464
88,1,1947,5.252742946708464
89,1,17,5.249939730035953
90,1,44022,5.245689655172414
91,1,1221,5.245689655172414
92,1,3499,5.225754310344827
93,1,3686,5.225754310344827
94,1,2085,5.225754310344827
95,1,56367,5.223522167487685
96,1,904,5.223522167487685
97,1,3864,5.223522167487684
98,1,3910,5.223522167487684
99,1,3915,5.223522167487684
100,1,3943,5.223522167487684
101,1,8636,5.2227844798255525
102,1,61240,5.2227564431453635
103,1,63113,5.222049413437611
104,1,55118,5.222049413437611
105,1,5013,5.222049413437611
106,1,7090,5.222049413437611
107,1,33794,5.220913922390267
108,1,3827,5.205970472539304
109,1,3753,5.204295879985272
110,1,910,5.196231085494363
111,1,1225,5.194011997295459
112,1,6731,5.188959955506117
113,1,1241,5.188959955506117
114,1,7387,5.188959955506117
115,1,6502,5.188959955506117
116,1,7360,5.188959955506117
117,1,968,5.188959955506117
118,1,81845,5.175580667603876
119,1,62999,5.152925416782231
120,1,95105,5.152925416782231
121,1,1193,5.137978055926492
122,1,33493,5.134671722885736
123,1,508,5.12953720508167
124,1,534,5.12953720508167
125,1,280,5.12953720508167
126,1,802,5.12953720508167
127,1,145,5.12953720508167
128,1,381,5.12953720508167
129,1,16,5.12953720508167
130,1,3996,5.1259115605639245
131,1,6408,5.116379310344827
132,1,5971,5.116379310344827
133,1,1028,5.116379310344827
134,1,8738,5.116379310344827
135,1,5618,5.116379310344827
136,1,26147,5.116379310344827
137,1,914,5.116379310344827
138,1,3000,5.116379310344827
139,1,902,5.112718729113396
140,1,838,5.112304694665904
141,1,3081,5.110281749369218
142,1,7255,5.110281749369218
143,1,52328,5.110281749369218
144,1,88163,5.110281749369218
145,1,66203,5.110281749369218
146,1,56715,5.110281749369218
147,1,36525,5.110281749369218
148,1,71579,5.110281749369218
149,1,4308,5.110281749369218
150,1,49130,5.110281749369218
151,1,5816,5.1099897170011435
152,1,106489,5.103873459848085
153,1,54001,5.096647821836861
154,1,116797,5.086692176035012
155,1,38304,5.070870363670837
156,1,1635,5.069838600219782
157,1,3624,5.061079538161252
158,1,8368,5.052861499975734
159,1,594,5.048197492163009
160,1,368,5.048197492163009
161,1,98809,5.0431923471236635
162,1,2572,5.043018029857023
163,1,1201,5.033045977011494
164,1,68358,5.032846709362125
165,1,858,5.032259546067348
166,1,8961,5.027143052303946
167,1,4027,5.021868210624962
168,1,3083,5.015315480557593
169,1,1271,5.015315480557593
170,1,1734,5.015315480557593
171,1,26366,5.015315480557593
172,1,5991,5.015315480557593
173,1,446,5.015315480557593
174,1,49272,5.002646685799513
175,1,47,5.0
176,1,50,5.0
177,1,101,5.0
178,1,151,5.0
179,1,157,5.0
180,1,163,5.0
181,1,216,5.0
182,1,231,5.0
183,1,260,5.0
184,1,333,5.0
185,1,362,5.0
186,1,457,5.0
187,1,527,5.0
188,1,553,5.0
189,1,596,5.0
190,1,608,5.0
191,1,661,5.0
192,1,919,5.0
193,1,923,5.0
194,1,940,5.0
195,1,954,5.0
196,1,1023,5.0
197,1,1024,5.0
198,1,1025,5.0
199,1,1029,5.0
200,1,1031,5.0
201,1,1032,5.0
202,1,1049,5.0
203,1,1073,5.0
204,1,1080,5.0
205,1,1089,5.0
206,1,1092,5.0
207,1,1097,5.0
208,1,1136,5.0
209,1,1196,5.0
210,1,1197,5.0
211,1,1198,5.0
212,1,1206,5.0
213,1,1210,5.0
214,1,1213,5.0
215,1,1220,5.0
216,1,1222,5.0
217,1,1224,5.0
218,1,1226,5.0
219,1,1240,5.0
220,1,1256,5.0
221,1,1270,5.0
222,1,1275,5.0
223,1,1278,5.0
224,1,1282,5.0
225,1,1291,5.0
226,1,1298,5.0
227,1,1517,5.0
228,1,1573,5.0
229,1,1587,5.0
230,1,1617,5.0
231,1,1625,5.0
232,1,1732,5.0
233,1,1804,5.0
234,1,1927,5.0
235,1,1954,5.0
236,1,2005,5.0
237,1,2018,5.0
238,1,2033,5.0
239,1,2048,5.0
240,1,2058,5.0
241,1,2078,5.0
242,1,2090,5.0
243,1,2094,5.0
244,1,2115,5.0
245,1,2116,5.0
246,1,2137,5.0
247,1,2139,5.0
248,1,2141,5.0
249,1,2161,5.0
250,1,2291,5.0
251,1,2329,5.0
252,1,2353,5.0
253,1,2387,5.0
254,1,2395,5.0
255,1,2427,5.0
256,1,2459,5.0
257,1,2470,5.0
258,1,2502,5.0
259,1,2529,5.0
260,1,2542,5.0
261,1,2571,5.0
262,1,2580,5.0
263,1,2596,5.0
264,1,2641,5.0
265,1,2654,5.0
266,1,2692,5.0
267,1,2700,5.0
268,1,2716,5.0
269,1,2761,5.0
270,1,2858,5.0
271,1,2872,5.0
272,1,2899,5.0
273,1,2944,5.0
274,1,2947,5.0
275,1,2948,5.0
276,1,2949,5.0
277,1,2959,5.0
278,1,2987,5.0
279,1,2991,5.0
280,1,2993,5.0
281,1,3033,5.0
282,1,3034,5.0
283,1,3052,5.0
284,1,3053,5.0
285,1,3147,5.0
286,1,3253,5.0
287,1,3273,5.0
288,1,3386,5.0
289,1,3441,5.0
290,1,3448,5.0
291,1,3450,5.0
292,1,3578,5.0
293,1,3671,5.0
294,1,3702,5.0
295,1,3703,5.0
296,1,3729,5.0
297,1,3793,5.0
298,1,5060,5.0
299,1,3105,4.991379310344827
300,1,3263,4.991379310344827
301,1,1283,4.991379310344827
302,1,2707,4.991379310344827
303,1,2352,4.991379310344827
304,1,91529,4.989952402378226
305,1,92259,4.9891226154663695
306,1,71264,4.984026369168356
307,1,1261,4.976238683331908
308,1,222,4.975754310344827
309,1,63992,4.975754310344827
310,1,2072,4.975754310344827
311,1,256,4.975754310344827
312,1,3668,4.975754310344827
313,1,40629,4.975754310344827
314,1,6365,4.96824925923205
315,1,4896,4.968013470780615
316,1,4642,4.967950754519801
317,1,1747,4.9475701545887825
318,1,48082,4.947460391425908
319,1,27904,4.947460391425908
320,1,293,4.947460391425908
321,1,8957,4.947460391425908
322,1,4873,4.947460391425908
323,1,36535,4.947460391425908
324,1,89745,4.946285564806942
325,1,139385,4.9451468716553055
326,1,58559,4.932084222917703
327,1,89774,4.929835111442662
328,1,47610,4.923580289282699
329,1,80489,4.918103448275862
330,1,68157,4.916584685057485
331,1,2717,4.898716119472402
332,1,5952,4.891693036747339
333,1,1961,4.890188834154351
334,1,32,4.888994009719927
335,1,2324,4.88821618376804
336,1,122900,4.887321860901907
337,1,98243,4.887321860901907
338,1,60069,4.885801924107106
339,1,2021,4.882614192051528
340,1,318,4.879859034044806
341,1,14,4.870092640487545
342,1,36,4.868463815439522
343,1,7099,4.855874784528907
344,1,515,4.852652099217115
345,1,81847,4.83860153256705
346,1,52287,4.83860153256705
347,1,5444,4.83860153256705
348,1,110102,4.838478791163902
349,1,64614,4.836967545638945
350,1,1682,4.836967545638945
351,1,103335,4.8291044203259785
352,1,5349,4.827266214711158
353,1,115617,4.822100902133258
354,1,40815,4.819327375486803
355,1,8360,4.810533457438007
356,1,112852,4.807250816783854
357,1,3552,4.803879310344827
358,1,140359,4.786669165417291
359,1,147380,4.786669165417291
360,1,2011,4.786669165417291
361,1,117192,4.786669165417291
362,1,150596,4.786669165417291
363,1,147372,4.786669165417291
364,1,90647,4.786669165417291
365,1,100611,4.786669165417291
366,1,147374,4.786669165417291
367,1,147376,4.786669165417291
368,1,166528,4.786669165417291
369,1,79139,4.786669165417291
370,1,122906,4.786669165417291
371,1,122926,4.786669165417291
372,1,113378,4.786669165417291
373,1,111362,4.786669165417291
374,1,179819,4.786669165417291
375,1,108190,4.786669165417291
376,1,106642,4.786669165417291
377,1,117646,4.786669165417291
378,1,4299,4.786669165417291
379,1,147378,4.786669165417291
380,1,147382,4.786669165417291
381,1,147384,4.786669165417291
382,1,135143,4.786669165417291
383,1,2763,4.781810769924291
384,1,81564,4.777758871402187
385,1,1356,4.774694261636247
386,1,4886,4.7655036784996
387,1,82459,4.749011189677387
388,1,1703,4.745689655172414
389,1,3100,4.745689655172414
390,1,86298,4.745689655172414
391,1,43836,4.745689655172414
392,1,2423,4.745689655172414
393,1,62,4.744881086904685
394,1,109374,4.742683271581463
395,1,3307,4.741379310344827
396,1,122918,4.740981771254689
397,1,109487,4.728630559869479
398,1,1272,4.726379310344827
399,1,3785,4.726379310344827
400,1,3580,4.726379310344827
401,1,3618,4.726379310344827
402,1,58803,4.725754310344827
403,1,410,4.725754310344827
404,1,2124,4.725754310344827
405,1,4995,4.723796883848244
406,1,3481,4.723522167487685
407,1,750,4.723522167487685
408,1,84954,4.722049413437611
409,1,60074,4.722049413437611
410,1,53996,4.722049413437611
411,1,5956,4.722049413437611
412,1,3994,4.722049413437611
413,1,5065,4.722049413437611
414,1,59369,4.722049413437611
415,1,54259,4.722049413437611
416,1,48304,4.722049413437611
417,1,68791,4.722049413437611
418,1,5464,4.722049413437611
419,1,34150,4.722049413437611
420,1,5502,4.722049413437611
421,1,5679,4.722049413437611
422,1,44665,4.722049413437611
423,1,4238,4.722049413437611
424,1,37733,4.722049413437611
425,1,5026,4.722049413437611
426,1,1639,4.721218020022247
427,1,3863,4.721218020022247
428,1,1590,4.721218020022247
429,1,3798,4.721218020022247
430,1,81834,4.7156347256822775
431,1,1411,4.706996982399627
432,1,48516,4.704691415403309
433,1,2671,4.699712643678161
434,1,2539,4.699712643678161
435,1,2570,4.699712643678161
436,1,2583,4.699712643678161
437,1,2860,4.699712643678161
438,1,2482,4.699712643678161
439,1,6874,4.689851090999567
440,1,2087,4.688959955506117
441,1,4105,4.688959955506117
442,1,4993,4.682420359517674
443,1,33615,4.682127389108288
444,1,6333,4.6763406817872655
445,1,7153,4.671752802080745
446,1,48774,4.666379310344827
447,1,538,4.660496957403651
448,1,1446,4.660496957403651
449,1,1596,4.660496957403651
450,1,1694,4.660496957403651
451,1,1730,4.660496957403651
452,1,76093,4.65873139154754
453,1,50872,4.6569340295568775
454,1,69844,4.646093920372522
455,1,122904,4.627295315669064
456,1,3745,4.625
457,1,6503,4.625
458,1,4014,4.625
459,1,2321,4.625
460,1,1372,4.625
461,1,1374,4.625
462,1,4239,4.625
463,1,272,4.6249782199153735
464,1,59387,4.621783001573005
465,1,4306,4.617711396790929
466,1,26631,4.616379310344827
467,1,60333,4.616379310344827
468,1,48412,4.610281749369218
469,1,3039,4.608999530997262
470,1,1200,4.6044745484400655
471,1,168252,4.6044745484400655
472,1,6942,4.604172764070889
473,1,59315,4.603074243010847
474,1,830,4.600457181926776
475,1,152081,4.599780289039461
476,1,7147,4.592862769476396
477,1,1449,4.587906218980622
478,1,66097,4.579616671666051
479,1,119145,4.576610417641162
480,1,2688,4.573122000988809
481,1,3298,4.5630860351450275
482,1,53121,4.557067446523337
483,1,2083,4.5544436924562515
484,1,1101,4.548197492163009
485,1,111759,4.541047773595564
486,1,56286,4.5330459770114935
487,1,4327,4.5330459770114935
488,1,3508,4.5330459770114935
489,1,1304,4.5330459770114935
490,1,2337,4.5330459770114935
491,1,2401,4.5330459770114935
492,1,40826,4.5330459770114935
493,1,45722,4.532395489156177
494,1,59784,4.532395489156177
495,1,714,4.515315480557593
496,1,55442,4.515315480557593
497,1,26524,4.515315480557593
498,1,58309,4.515315480557593
499,1,1212,4.515315480557593
500,1,6773,4.515315480557593
501,1,4217,4.515315480557593
502,1,29,4.515315480557593
503,1,44555,4.515315480557593
504,1,44633,4.515315480557593
505,1,66371,4.515315480557593
506,1,6016,4.515315480557593
507,1,926,4.515315480557593
508,1,955,4.515315480557593
509,1,7361,4.507628978898818
510,1,88125,4.503739344716663
511,1,48394,4.500882541036813
512,1,1183,4.494450394006797
513,1,203,4.491379310344827
514,1,3148,4.491379310344827
515,1,100,4.491379310344827
516,1,4002,4.491379310344827
517,1,5445,4.48875285372673
518,1,4720,4.4827198573634135
519,1,90866,4.482130992925066
520,1,3300,4.47944582157463
521,1,5218,4.476731435015454
522,1,3967,4.475754310344827
523,1,4018,4.475754310344827
524,1,920,4.475754310344827
525,1,1704,4.4717330383447935
526,1,6539,4.471636268078751
527,1,6934,4.467415583204688
528,1,783,4.466951041486841
529,1,8874,4.4622292836342154
530,1,1693,4.460687894856781
531,1,115713,4.455011532699276
532,1,40614,4.447460391425908
533,1,48385,4.447460391425908
534,1,45501,4.447460391425908
535,1,262,4.447460391425908
536,1,48322,4.447460391425908
537,1,4880,4.447460391425908
538,1,5785,4.447460391425908
539,1,106782,4.443909835802632
540,1,91542,4.437392818725541
541,1,48780,4.433063831594368
542,1,127198,4.430895439377085
543,1,167732,4.430895439377085
544,1,79702,4.430895439377085
545,1,785,4.427564163437908
546,1,261,4.425579515436345
547,1,46970,4.418103448275862
548,1,31658,4.410025502386719
549,1,68954,4.407025364542643
550,1,3534,4.4023839656032795
551,1,3751,4.401763979999351
552,1,134130,4.397422888358289
553,1,79091,4.379132579504892
554,1,1347,4.3773385220043535
555,1,44191,4.372613415856945
556,1,1321,4.369969881909801
557,1,589,4.357082057961649
558,1,122892,4.352738874957656
559,1,164179,4.350910266194124
560,1,72737,4.33860153256705
561,1,166461,4.33860153256705
562,1,48982,4.33860153256705
563,1,170939,4.33860153256705
564,1,84944,4.33860153256705
565,1,38038,4.33860153256705
566,1,551,4.33860153256705
567,1,32031,4.33860153256705
568,1,49274,4.33860153256705
569,1,1566,4.33860153256705
570,1,162578,4.33860153256705
571,1,364,4.33860153256705
572,1,6297,4.33860153256705
573,1,1907,4.33860153256705
574,1,115664,4.33860153256705
575,1,1246,4.336967545638945
576,1,36529,4.336967545638945
577,1,33660,4.336967545638945
578,1,79132,4.335824601805608
579,1,3893,4.332780409610591
580,1,6537,4.331288491295438
581,1,3949,4.331015067126708
582,1,96610,4.329084312294072
583,1,140,4.326379310344827
584,1,7,4.307199238882737
585,1,1242,4.303879310344827
586,1,1748,4.303879310344827
587,1,3755,4.298229109456861
588,1,1046,4.292305236270753
589,1,1116,4.292305236270753
590,1,1137,4.292305236270753
591,1,1144,4.292305236270753
592,1,562,4.292305236270753
593,1,581,4.292305236270753
594,1,1366,4.292305236270753
595,1,766,4.292305236270753
596,1,791,4.292305236270753
597,1,617,4.292305236270753
598,1,1416,4.292305236270753
599,1,735,4.292305236270753
600,1,892,4.292305236270753
601,1,97752,4.287984739560636
602,1,159779,4.286669165417291
603,1,179511,4.286669165417291
604,1,62836,4.286669165417291
605,1,7649,4.286669165417291
606,1,7811,4.286669165417291
607,1,7810,4.286669165417291
608,1,84772,4.286669165417291
609,1,51562,4.286669165417291
610,1,40697,4.286669165417291
611,1,98124,4.286669165417291
612,1,6541,4.286669165417291
613,1,122924,4.286669165417291
614,1,62834,4.286669165417291
615,1,130444,4.286669165417291
616,1,166203,4.286669165417291
617,1,135887,4.286669165417291
618,1,56915,4.286669165417291
619,1,7812,4.286669165417291
620,1,5944,4.286669165417291
621,1,180031,4.286669165417291
622,1,128842,4.286669165417291
623,1,78499,4.281647024848097
624,1,6377,4.280491535628754
625,1,53125,4.279696274664305
626,1,99114,4.279364681328692
627,1,2485,4.277717922974029
628,1,3752,4.260622113967689
629,1,93510,4.259236453201971
630,1,80549,4.259236453201971
631,1,5810,4.252776426759914
632,1,903,4.252742946708464
633,1,1962,4.252742946708464
634,1,6662,4.245689655172414
635,1,2840,4.245689655172414
636,1,104245,4.245689655172414
637,1,2431,4.245689655172414
638,1,3178,4.245689655172414
639,1,3361,4.245689655172414
640,1,1892,4.245689655172414
641,1,6550,4.245689655172414
642,1,52722,4.2450112168142615
643,1,115149,4.241379310344827
644,1,112623,4.241379310344827
645,1,94677,4.241379310344827
646,1,127202,4.241379310344827
647,1,55908,4.241379310344827
648,1,105844,4.241379310344827
649,1,56941,4.241379310344827
650,1,55814,4.241379310344827
651,1,1653,4.241379310344827
652,1,51086,4.241379310344827
653,1,4148,4.237270937919738
654,1,765,4.235361724631481
655,1,3174,4.233938094530973
656,1,4973,4.233747291285156
657,1,7438,4.22739059179168
658,1,7444,4.225754310344827
659,1,1367,4.225754310344827
660,1,6953,4.225754310344827
661,1,51662,4.225754310344827
662,1,35836,4.225754310344827
663,1,3868,4.225754310344827
664,1,6711,4.223522167487685
665,1,2764,4.223522167487685
666,1,3978,4.223522167487685
667,1,102445,4.2220494134376105
668,1,8665,4.2220494134376105
669,1,5110,4.2220494134376105
670,1,33004,4.2220494134376105
671,1,7317,4.2220494134376105
672,1,44199,4.2220494134376105
673,1,5459,4.2220494134376105
674,1,56788,4.2220494134376105
675,1,5903,4.2220494134376105
676,1,4270,4.2220494134376105
677,1,8371,4.2220494134376105
678,1,4020,4.2220494134376105
679,1,7163,4.2220494134376105
680,1,37386,4.2220494134376105
681,1,6378,4.2220494134376105
682,1,7445,4.2220494134376105
683,1,6157,4.2220494134376105
684,1,5419,4.2220494134376105
685,1,81229,4.2220494134376105
686,1,8861,4.2220494134376105
687,1,51255,4.2220494134376105
688,1,8972,4.2220494134376105
689,1,86880,4.2220494134376105
690,1,4025,4.2220494134376105
691,1,168,4.21940107320468
692,1,86332,4.194446139455738
693,1,1022,4.188959955506117
694,1,1033,4.188959955506117
695,1,3461,4.188959955506117
696,1,3476,4.188959955506117
697,1,1215,4.188959955506117
698,1,49278,4.18470002012597
699,1,7454,4.18470002012597
700,1,102125,4.183119517474812
701,1,3210,4.178226107263263
702,1,112552,4.171243481940532
703,1,74458,4.152828638504879
704,1,108932,4.152325825071158
705,1,77561,4.149652159898257
706,1,3114,4.138247747024187
707,1,509,4.12953720508167
708,1,292,4.12953720508167
709,1,31,4.12953720508167
710,1,150,4.12953720508167
711,1,224,4.12953720508167
712,1,3186,4.116379310344827
713,1,2248,4.116379310344827
714,1,3421,4.116379310344827
715,1,7022,4.116379310344827
716,1,122882,4.11326945288114
717,1,605,4.110281749369218
718,1,3882,4.110281749369218
719,1,118696,4.108314794215795
720,1,122920,4.1044745484400655
721,1,3948,4.09852061550181
722,1,56757,4.095100711941278
723,1,72998,4.061420746275858
724,1,3717,4.061079538161252
725,1,33679,4.058828572352687
726,1,337,4.047555161682877
727,1,2428,4.037949346029471
728,1,27731,4.0330459770114935
729,1,6184,4.0330459770114935
730,1,122916,4.022512694148562
731,1,1192,4.015315480557593
732,1,2155,4.015315480557593
733,1,5791,4.015315480557593
734,1,6385,4.015315480557593
735,1,3328,4.015315480557593
736,1,2064,4.015315480557593
737,1,6985,4.015315480557593
738,1,55069,4.015315480557593
739,1,54286,4.004893297199772
740,1,1,4.0
741,1,3,4.0
742,1,6,4.0
743,1,110,4.0
744,1,235,4.0
745,1,349,4.0
746,1,356,4.0
747,1,367,4.0
748,1,441,4.0
749,1,480,4.0
750,1,543,4.0
751,1,552,4.0
752,1,590,4.0
753,1,592,4.0
754,1,593,4.0
755,1,733,4.0
756,1,804,4.0
757,1,943,4.0
758,1,1042,4.0
759,1,1060,4.0
760,1,1090,4.0
761,1,1127,4.0
762,1,1208,4.0
763,1,1214,4.0
764,1,1265,4.0
765,1,1348,4.0
766,1,1473,4.0
767,1,1500,4.0
768,1,1552,4.0
769,1,1620,4.0
770,1,1777,4.0
771,1,1793,4.0
772,1,1805,4.0
773,1,1920,4.0
774,1,1967,4.0
775,1,2000,4.0
776,1,2012,4.0
777,1,2028,4.0
778,1,2046,4.0
779,1,2054,4.0
780,1,2096,4.0
781,1,2099,4.0
782,1,2105,4.0
783,1,2143,4.0
784,1,2174,4.0
785,1,2193,4.0
786,1,2268,4.0
787,1,2273,4.0
788,1,2366,4.0
789,1,2406,4.0
790,1,2450,4.0
791,1,2478,4.0
792,1,2492,4.0
793,1,2616,4.0
794,1,2628,4.0
795,1,2640,4.0
796,1,2644,4.0
797,1,2648,4.0
798,1,2797,4.0
799,1,2826,4.0
800,1,2916,4.0
801,1,2985,4.0
802,1,2997,4.0
803,1,3062,4.0
804,1,3168,4.0
805,1,3439,4.0
806,1,3440,4.0
807,1,3479,4.0
808,1,3489,4.0
809,1,3527,4.0
810,1,3617,4.0
811,1,3639,4.0
812,1,3740,4.0
813,1,3744,4.0
814,1,3809,4.0
815,1,4006,4.0
816,1,88140,3.9935562982583592
817,1,91500,3.9851033000110694
818,1,2581,3.984887274273735
819,1,114662,3.9840263691683564
820,1,106002,3.9840263691683564
821,1,39,3.9757543103448274
822,1,2694,3.9757543103448274
823,1,5620,3.9757543103448274
824,1,153,3.9593104428890036
825,1,95510,3.9567732372570075
826,1,7254,3.9564311101359526
827,1,2686,3.955983512447557
828,1,1584,3.95147069832792
829,1,2297,3.9474603914259085
830,1,786,3.9375891001408743
831,1,4370,3.9315553630380573
832,1,70286,3.9023360031422953
833,1,2683,3.898116912201449
834,1,2490,3.898116912201449
835,1,122886,3.892620454515294
836,1,2770,3.890188834154351
837,1,2392,3.890188834154351
838,1,953,3.890188834154351
839,1,8798,3.8814604211214006
840,1,1036,3.879669491557003
841,1,81591,3.8694164346590623
842,1,277,3.858110269396073
843,1,5989,3.850170471887775
844,1,47099,3.8494084017156127
845,1,106072,3.8486339214976275
846,1,167036,3.8386015325670497
847,1,595,3.8386015325670497
848,1,30793,3.8386015325670497
849,1,588,3.8386015325670497
850,1,7458,3.836967545638945
851,1,46976,3.836967545638945
852,1,2723,3.8038793103448274
853,1,315,3.8038793103448274
854,1,4975,3.802876422335418
855,1,71057,3.7866691654172913
856,1,56171,3.7866691654172913
857,1,485,3.7866691654172913
858,1,119167,3.7866691654172913
859,1,77795,3.7866691654172913
860,1,101112,3.7866691654172913
861,1,2144,3.760609287273269
862,1,2134,3.7456896551724137
863,1,6158,3.7456896551724137
864,1,7247,3.7456896551724137
865,1,3254,3.7456896551724137
866,1,63239,3.7456896551724137
867,1,4039,3.7456896551724137
868,1,135,3.7456896551724137
869,1,141,3.74430583727793
870,1,41569,3.7413793103448274
871,1,95207,3.7413793103448274
872,1,114935,3.7413793103448274
873,1,103253,3.7413793103448274
874,1,107406,3.7413793103448274
875,1,3099,3.7263793103448273
876,1,3615,3.7263793103448273
877,1,3623,3.7263793103448273
878,1,924,3.7263793103448273
879,1,3646,3.7263793103448273
880,1,502,3.7257543103448274
881,1,3991,3.7257543103448274
882,1,71535,3.7240824647623034
883,1,94959,3.7235221674876846
884,1,4963,3.7235221674876846
885,1,5254,3.722049413437611
886,1,7162,3.722049413437611
887,1,59615,3.722049413437611
888,1,74789,3.722049413437611
889,1,27706,3.722049413437611
890,1,4367,3.722049413437611
891,1,5400,3.722049413437611
892,1,4734,3.722049413437611
893,1,5463,3.722049413437611
894,1,36401,3.722049413437611
895,1,4865,3.722049413437611
896,1,5957,3.722049413437611
897,1,6059,3.722049413437611
898,1,4015,3.722049413437611
899,1,4036,3.722049413437611
900,1,52281,3.722049413437611
901,1,7367,3.722049413437611
902,1,60040,3.722049413437611
903,1,94864,3.722049413437611
904,1,8865,3.722049413437611
905,1,60072,3.722049413437611
906,1,58025,3.722049413437611
907,1,79293,3.722049413437611
908,1,34319,3.722049413437611
909,1,6957,3.722049413437611
910,1,53000,3.722049413437611
911,1,4974,3.722049413437611
912,1,33162,3.722049413437611
913,1,69526,3.722049413437611
914,1,1173,3.721218020022247
915,1,597,3.721218020022247
916,1,3513,3.721218020022247
917,1,1619,3.721218020022247
918,1,3977,3.721218020022247
919,1,2145,3.721218020022247
920,1,87232,3.708218351923381
921,1,2447,3.699712643678161
922,1,2445,3.699712643678161
923,1,74685,3.6889599555061174
924,1,4878,3.687854094611838
925,1,1683,3.6604969574036508
926,1,1480,3.6604969574036508
927,1,34048,3.64955002093054
928,1,6373,3.625
929,1,6287,3.625
930,1,329,3.625
931,1,4232,3.625
932,1,4447,3.625
933,1,3754,3.625
934,1,34,3.625
935,1,4054,3.625
936,1,2699,3.625
937,1,3408,3.625
938,1,2393,3.625
939,1,3911,3.6163793103448274
940,1,266,3.612068657147342
941,1,53519,3.6061253927715105
942,1,880,3.6031282861795493
943,1,4022,3.5891156275217013
944,1,5418,3.5837364669099614
945,1,104,3.548197492163009
946,1,1917,3.548197492163009
947,1,2183,3.533045977011494
948,1,1924,3.533045977011494
949,1,3952,3.518614528992979
950,1,3363,3.515315480557593
951,1,965,3.515315480557593
952,1,3536,3.515315480557593
953,1,55620,3.515315480557593
954,1,4321,3.4913793103448274
955,1,3396,3.4913793103448274
956,1,2371,3.4913793103448274
957,1,2300,3.484323195175924
958,1,6534,3.478052855021783
959,1,357,3.4757543103448274
960,1,1876,3.4757543103448274
961,1,3409,3.4481453561941966
962,1,77455,3.418103448275862
963,1,32587,3.414766407119021
964,1,708,3.4040601238982537
965,1,1414,3.3964074661861576
966,1,2968,3.364117932233568
967,1,55768,3.3386015325670497
968,1,97921,3.336967545638945
969,1,95,3.3263793103448274
970,1,719,3.3263793103448274
971,1,1358,3.2983645383655182
972,1,1353,3.292305236270753
973,1,805,3.292305236270753
974,1,81,3.292305236270753
975,1,1417,3.292305236270753
976,1,896,3.292305236270753
977,1,68,3.292305236270753
978,1,685,3.292305236270753
979,1,728,3.292305236270753
980,1,2805,3.2869537473989716
981,1,31696,3.2866691654172913
982,1,95167,3.2866691654172913
983,1,34397,3.2866691654172913
984,1,142056,3.2592364532019706
985,1,2724,3.2568241096586847
986,1,1302,3.2527429467084636
987,1,2915,3.2527429467084636
988,1,3087,3.2456896551724137
989,1,745,3.2456896551724137
990,1,6951,3.2456896551724137
991,1,8869,3.2456896551724137
992,1,96737,3.2413793103448274
993,1,1970,3.2413793103448274
994,1,50601,3.2413793103448274
995,1,4226,3.233375555830462
996,1,157296,3.2293621571071585
997,1,3257,3.2257543103448274
998,1,344,3.2257543103448274
999,1,53953,3.22452763252714
1000,1,4638,3.2235221674876846
1001,1,3884,3.2235221674876846
1002,1,432,3.2235221674876846
1003,1,1554,3.2235221674876846
1004,1,6218,3.2235221674876846
1005,1,5299,3.2235221674876846
1006,1,68237,3.222049413437611
1007,1,88744,3.222049413437611
1008,1,3997,3.222049413437611
1009,1,8640,3.222049413437611
1010,1,5313,3.222049413437611
1011,1,8528,3.222049413437611
1012,1,7346,3.222049413437611
1013,1,3825,3.222049413437611
1014,1,69481,3.222049413437611
1015,1,19,3.222049413437611
1016,1,86345,3.202359183006357
1017,1,1969,3.1889599555061174
1018,1,273,3.1889599555061174
1019,1,54999,3.1889599555061174
1020,1,72641,3.1663793103448272
1021,1,2100,3.152286611759946
1022,1,743,3.146484580511541
1023,1,225,3.12953720508167
1024,1,207,3.12953720508167
1025,1,4,3.12953720508167
1026,1,587,3.12953720508167
1027,1,300,3.12953720508167
1028,1,371,3.12953720508167
1029,1,87028,3.110281749369218
1030,1,102007,3.1083147942157954
1031,1,33669,3.048197492163009
1032,1,70,3.0
1033,1,223,3.0
1034,1,296,3.0
1035,1,316,3.0
1036,1,423,3.0
1037,1,500,3.0
1038,1,648,3.0
1039,1,673,3.0
1040,1,736,3.0
1041,1,780,3.0
1042,1,1009,3.0
1043,1,1030,3.0
1044,1,1258,3.0
1045,1,1377,3.0
1046,1,1396,3.0
1047,1,1408,3.0
1048,1,1445,3.0
1049,1,1580,3.0
1050,1,1644,3.0
1051,1,1676,3.0
1052,1,2093,3.0
1053,1,2414,3.0
1054,1,2528,3.0
1055,1,2657,3.0
1056,1,3243,3.0
1057,1,3247,3.0
1058,1,2369,2.9913793103448274
1059,1,1405,2.9757543103448274
1060,1,2421,2.9757543103448274
1061,1,6281,2.9474603914259085
1062,1,1895,2.9474603914259085
1063,1,3988,2.9474603914259085
1064,1,60,2.9474603914259085
1065,1,91658,2.918103448275862
1066,1,3268,2.890188834154351
1067,1,2720,2.890188834154351
1068,1,3175,2.890188834154351
1069,1,134853,2.8452042404533846
1070,1,48,2.8386015325670497
1071,1,5481,2.831288491295438
1072,1,56174,2.7866691654172913
1073,1,575,2.7456896551724137
1074,1,2346,2.7456896551724137
1075,1,3784,2.7263793103448273
1076,1,3797,2.7263793103448273
1077,1,3826,2.7263793103448273
1078,1,3564,2.7263793103448273
1079,1,6383,2.7257543103448274
1080,1,46530,2.722049413437611
1081,1,68319,2.722049413437611
1082,1,8985,2.722049413437611
1083,1,5881,2.722049413437611
1084,1,3969,2.722049413437611
1085,1,54995,2.722049413437611
1086,1,2541,2.721218020022247
1087,1,2496,2.699712643678161
1088,1,2573,2.699712643678161
1089,1,2881,2.699712643678161
1090,1,2574,2.699712643678161
1091,1,2882,2.699712643678161
1092,1,1696,2.6604969574036508
1093,1,1711,2.6604969574036508
1094,1,4446,2.625
1095,1,3259,2.625
1096,1,1371,2.625
1097,1,1373,2.625
1098,1,2355,2.625
1099,1,5291,2.6163793103448274
1100,1,2455,2.610651401064435
1101,1,916,2.515315480557593
1102,1,637,2.4913793103448274
1103,1,1556,2.4913793103448274
1104,1,3264,2.489719497088135
1105,1,73321,2.4840263691683564
1106,1,114060,2.418103448275862
1107,1,42734,2.3386015325670497
1108,1,2140,2.3038793103448274
1109,1,1442,2.292305236270753
1110,1,4625,2.2866691654172913
1111,1,184053,2.2866691654172913
1112,1,71745,2.2866691654172913
1113,1,65651,2.2866691654172913
1114,1,3101,2.2527429467084636
1115,1,3899,2.2235221674876846
1116,1,86347,2.2235221674876846
1117,1,92535,2.2235221674876846
1118,1,3979,2.2235221674876846
1119,1,3912,2.2235221674876846
1120,1,70293,2.1889599555061174
1121,1,1909,2.1163793103448274
1122,1,70687,2.110281749369218
1123,1,58998,2.110281749369218
1124,1,2226,2.110281749369218
1125,1,33164,2.048197492163009
1126,1,1219,2.0
1127,1,2253,2.0
1128,1,2338,2.0
1129,1,2389,2.0
1130,1,2617,2.0
1131,1,2109,1.9913793103448274
1132,1,2384,1.9913793103448274
1133,1,2136,1.947460391425908
1134,1,435,1.7866691654172913
1135,1,8907,1.7866691654172913
1136,1,327,1.7799785182067738
1137,1,1203,1.7456896551724137
1138,1,631,1.7456896551724137
1139,1,1882,1.7257543103448274
1140,1,86377,1.7235221674876846
1141,1,305,1.7212180200222469
1142,1,1391,1.6604969574036508
1143,1,1624,1.6604969574036508
1144,1,1519,1.6604969574036508
1145,1,3054,1.6250000000000004
1146,1,58293,1.6163793103448274
1147,1,8641,1.6163793103448274
1148,1,65350,1.6102817493692179
1149,1,85334,1.6102817493692179
1150,1,89386,1.6102817493692179
1151,1,26095,1.6102817493692179
1152,1,4248,1.533045977011494
1153,1,1760,1.4474603914259085
1154,1,189547,1.2866691654172917
1155,1,123553,1.2866691654172917
1156,1,3176,1.0
1157,1,167296,0.7592364532019706
1158,1,86644,0.4840263691683564
1159,1,130634,0.4840263691683564
1160,2,3567,6.308275862068966
1161,2,1237,6.0787106446776615
1162,2,4789,6.0787106446776615
1163,2,136850,6.0787106446776615
1164,2,213,5.843012704174228
1165,2,36,5.843012704174228
1166,2,515,5.843012704174228
1167,2,272,5.843012704174228
1168,2,5747,5.828595011005135
1169,2,1884,5.817756819264786
1170,2,46972,5.767863490934944
1171,2,6732,5.64780637850089
1172,2,27904,5.556802993851911
1173,2,1303,5.4902605948933925
1174,2,5294,5.347085385878489
1175,2,5528,5.347085385878489
1176,2,3719,5.308275862068966
1177,2,2327,5.294942528735632
1178,2,1895,5.294942528735632
1179,2,2239,5.2836417157275015
1180,2,1238,5.2836417157275015
1181,2,2924,5.2836417157275015
1182,2,3543,5.2836417157275015
1183,2,3685,5.2836417157275015
1184,2,3972,5.2836417157275015
1185,2,6188,5.267863490934944
1186,2,79091,5.266457680250784
1187,2,1441,5.266457680250784
1188,2,34405,5.266457680250784
1189,2,31,5.266457680250784
1190,2,608,5.256819575593657
1191,2,3916,5.219180787613066
1192,2,45,5.209562543784541
1193,2,28,5.183359800362976
1194,2,2919,5.174082313681868
1195,2,3214,5.174082313681868
1196,2,55442,5.1482758620689655
1197,2,26116,5.1482758620689655
1198,2,134368,5.14780637850089
1199,2,134393,5.14780637850089
1200,2,1090,5.143094390447182
1201,2,124851,5.138752052545156
1202,2,103543,5.138752052545156
1203,2,113829,5.138752052545156
1204,2,101577,5.138752052545156
1205,2,130490,5.138752052545156
1206,2,114265,5.138752052545156
1207,2,933,5.1272454706138095
1208,2,2064,5.1272454706138095
1209,2,1230,5.1272454706138095
1210,2,2112,5.106058378060437
1211,2,481,5.106058378060437
1212,2,482,5.106058378060437
1213,2,678,5.106058378060437
1214,2,3062,5.106058378060437
1215,2,3066,5.106058378060437
1216,2,3147,5.106058378060437
1217,2,1615,5.106058378060437
1218,2,3836,5.106058378060437
1219,2,3846,5.106058378060437
1220,2,3871,5.106058378060437
1221,2,1617,5.102106394967899
1222,2,2324,5.088581660825469
1223,2,1625,5.081430685956174
1224,2,130482,5.0787106446776615
1225,2,1235,5.076229210451208
1226,2,1960,5.067707660605242
1227,2,1258,5.065400079416485
1228,2,3421,5.056118363366319
1229,2,2791,5.05297500396242
1230,2,2366,5.0384538017802765
1231,2,2739,5.029356943150047
1232,2,922,5.025292861924642
1233,2,1958,5.024779935088889
1234,2,8636,5.023706896551724
1235,2,2196,5.023706896551724
1236,2,2269,5.023706896551724
1237,2,252,5.023706896551724
1238,2,6549,5.023706896551724
1239,2,6754,5.023706896551724
1240,2,2807,5.023706896551724
1241,2,6994,5.023706896551724
1242,2,7017,5.023706896551724
1243,2,4155,5.023706896551724
1244,2,4823,5.023706896551724
1245,2,1497,5.023706896551724
1246,2,1733,5.023706896551724
1247,2,1835,5.023706896551724
1248,2,5957,5.023706896551724
1249,2,6006,5.023706896551724
1250,2,4069,5.023706896551724
1251,2,60756,5.0
1252,2,80906,5.0
1253,2,89774,5.0
1254,2,106782,5.0
1255,2,122882,5.0
1256,2,131724,5.0
1257,2,3090,4.997734979114087
1258,2,4995,4.9928737550711135
1259,2,1394,4.980740992913104
1260,2,1207,4.980170910705129
1261,2,1200,4.97804275599888
1262,2,16,4.976571881969463
1263,2,1955,4.970849225500117
1264,2,1956,4.970849225500117
1265,2,2114,4.970849225500117
1266,2,2240,4.970849225500117
1267,2,2241,4.970849225500117
1268,2,493,4.970849225500117
1269,2,2259,4.970849225500117
1270,2,232,4.970849225500117
1271,2,2290,4.970849225500117
1272,2,1084,4.970849225500117
1273,2,1124,4.970849225500117
1274,2,246,4.970849225500117
1275,2,1148,4.970849225500117
1276,2,1184,4.970849225500117
1277,2,2522,4.970849225500117
1278,2,281,4.970849225500117
1279,2,2690,4.970849225500117
1280,2,1257,4.970849225500117
1281,2,2795,4.970849225500117
1282,2,1296,4.970849225500117
1283,2,1345,4.970849225500117
1284,2,1350,4.970849225500117
1285,2,3019,4.970849225500117
1286,2,3040,4.970849225500117
1287,2,1380,4.970849225500117
1288,2,1517,4.970849225500117
1289,2,357,4.970849225500117
1290,2,1635,4.970849225500117
1291,2,1701,4.970849225500117
1292,2,1719,4.970849225500117
1293,2,1777,4.970849225500117
1294,2,3148,4.967326694532786
1295,2,33493,4.948275862068965
1296,2,342,4.948275862068965
1297,2,5679,4.948275862068965
1298,2,3513,4.936960934497691
1299,2,81834,4.916231629419894
1300,2,3616,4.915991379310345
1301,2,1266,4.90582411971985
1302,2,1104,4.905665086640969
1303,2,1259,4.904366557569525
1304,2,3396,4.9019489500505635
1305,2,1912,4.899722118252626
1306,2,1954,4.899267504416189
1307,2,2329,4.897680623973727
1308,2,953,4.896118435023212
1309,2,1299,4.896118435023212
1310,2,1449,4.896118435023212
1311,2,6377,4.889925739315358
1312,2,595,4.875208671376077
1313,2,494,4.873341956501851
1314,2,1193,4.860261750172957
1315,2,1387,4.856191017394812
1316,2,904,4.850721621810913
1317,2,5081,4.847085385878489
1318,2,5127,4.847085385878489
1319,2,5325,4.847085385878489
1320,2,5010,4.847085385878489
1321,2,5421,4.847085385878489
1322,2,54001,4.84686173520121
1323,2,290,4.843012704174228
1324,2,5066,4.835756637526307
1325,2,112556,4.834639498432602
1326,2,1221,4.83309837424437
1327,2,266,4.830197423095004
1328,2,5013,4.828595011005135
1329,2,4308,4.828595011005135
1330,2,2968,4.828595011005135
1331,2,3098,4.828595011005135
1332,2,4848,4.828595011005135
1333,2,4019,4.828595011005135
1334,2,920,4.8256168868302165
1335,2,2028,4.825516472727421
1336,2,1927,4.821387644546307
1337,2,926,4.821387644546307
1338,2,2132,4.821387644546307
1339,2,1041,4.821387644546307
1340,2,6306,4.821387644546307
1341,2,6461,4.821387644546307
1342,2,1199,4.821387644546307
1343,2,1224,4.821387644546307
1344,2,6711,4.821387644546307
1345,2,1245,4.821387644546307
1346,2,6796,4.821387644546307
1347,2,6987,4.821387644546307
1348,2,27721,4.821387644546307
1349,2,3152,4.821387644546307
1350,2,27846,4.821387644546307
1351,2,8949,4.821387644546307
1352,2,5669,4.821387644546307
1353,2,9018,4.821387644546307
1354,2,4973,4.821387644546307
1355,2,3983,4.821387644546307
1356,2,1222,4.806722564777999
1357,2,928,4.8025146801369045
1358,2,2300,4.8025146801369045
1359,2,3504,4.8025146801369045
1360,2,2907,4.772837265577738
1361,2,2083,4.770856507230255
1362,2,6502,4.770856507230255
1363,2,6731,4.770856507230255
1364,2,1241,4.770856507230255
1365,2,1261,4.770856507230255
1366,2,7360,4.770856507230255
1367,2,7387,4.770856507230255
1368,2,47099,4.767863490934944
1369,2,49272,4.767863490934944
1370,2,49278,4.767863490934944
1371,2,44022,4.767863490934944
1372,2,32019,4.767863490934944
1373,2,7458,4.767863490934944
1374,2,8972,4.767863490934944
1375,2,56775,4.767863490934944
1376,2,45447,4.767863490934944
1377,2,53125,4.767863490934944
1378,2,6333,4.763769157088122
1379,2,1288,4.761352778661541
1380,2,260,4.75870108893161
1381,2,3535,4.752539427960438
1382,2,4963,4.75123364311953
1383,2,1957,4.750329972414141
1384,2,88125,4.749564962753228
1385,2,590,4.7411170072515
1386,2,2395,4.73995175829541
1387,2,1231,4.730554910196755
1388,2,2194,4.727333508047552
1389,2,2289,4.726118399194765
1390,2,40815,4.724125316690143
1391,2,1225,4.723778087453624
1392,2,778,4.7152052741289925
1393,2,1213,4.7137230113033715
1394,2,1233,4.712527631336425
1395,2,1500,4.711236865804155
1396,2,1196,4.707749003280533
1397,2,64969,4.706460385878489
1398,2,3298,4.694850046893969
1399,2,2599,4.691959528591308
1400,2,1267,4.691959528591308
1401,2,2973,4.691959528591308
1402,2,3717,4.690787939363651
1403,2,122904,4.690211345939933
1404,2,72998,4.690211345939933
1405,2,89745,4.690211345939933
1406,2,5364,4.685396141215106
1407,2,1079,4.683617737007223
1408,2,3082,4.682668060892417
1409,2,2160,4.681609195402299
1410,2,1341,4.681609195402299
1411,2,72641,4.678386322813229
1412,2,2581,4.670498084291188
1413,2,457,4.666765298005978
1414,2,4011,4.664820129714824
1415,2,1292,4.663647307612896
1416,2,1246,4.663488921181186
1417,2,3499,4.662729446087766
1418,2,52973,4.662333242393428
1419,2,3114,4.655954855652214
1420,2,2019,4.65582411971985
1421,2,151,4.6543716681285465
1422,2,555,4.649518825780228
1423,2,47382,4.64780637850089
1424,2,96821,4.64780637850089
1425,2,2052,4.64780637850089
1426,2,118997,4.64780637850089
1427,2,100527,4.64780637850089
1428,2,94325,4.64780637850089
1429,2,95307,4.64780637850089
1430,2,104906,4.64780637850089
1431,2,74324,4.64780637850089
1432,2,107141,4.64780637850089
1433,2,72737,4.64780637850089
1434,2,4154,4.64780637850089
1435,2,119145,4.64780637850089
1436,2,105844,4.64780637850089
1437,2,40629,4.64780637850089
1438,2,81591,4.64780637850089
1439,2,86882,4.64780637850089
1440,2,3068,4.646118435023212
1441,2,1086,4.646118435023212
1442,2,1186,4.646118435023212
1443,2,1393,4.645785193743334
1444,2,8368,4.643990638428903
1445,2,110,4.642642826328594
1446,2,1408,4.640070345871153
1447,2,3811,4.640070345871153
1448,2,1785,4.640070345871153
1449,2,1060,4.632895877117875
1450,2,69,4.632895877117875
1451,2,356,4.629653591524582
1452,2,3624,4.629339842273985
1453,2,1171,4.6272454706138095
1454,2,2700,4.6267000725558605
1455,2,86142,4.620894909688013
1456,2,76251,4.620894909688013
1457,2,78499,4.620894909688013
1458,2,89582,4.620894909688013
1459,2,3285,4.6134766438742245
1460,2,8874,4.60956618464961
1461,2,1278,4.608288413952662
1462,2,783,4.602919169065416
1463,2,44555,4.588816402609506
1464,2,5464,4.587840198441812
1465,2,4975,4.587840198441812
1466,2,1028,4.586681035077842
1467,2,2059,4.585756637526307
1468,2,3072,4.580922267765528
1469,2,1610,4.576295927774296
1470,2,1228,4.572465769590993
1471,2,88810,4.568763306940213
1472,2,2571,4.567096521836261
1473,2,2797,4.565445331571283
1474,2,2268,4.564882637306081
1475,2,1073,4.562193213715687
1476,2,899,4.559327802000503
1477,2,88,4.558031959629941
1478,2,62,4.558031959629941
1479,2,784,4.558031959629941
1480,2,8641,4.556802993851911
1481,2,8665,4.556802993851911
1482,2,54503,4.556802993851911
1483,2,4888,4.556802993851911
1484,2,59126,4.556802993851911
1485,2,2944,4.556722564777999
1486,2,1247,4.555414232632287
1487,2,951,4.5525146801369045
1488,2,3362,4.5525146801369045
1489,2,3507,4.5525146801369045
1490,2,908,4.54915419859093
1491,2,4034,4.547797324318942
1492,2,2396,4.543698490634407
1493,2,2403,4.5384538017802765
1494,2,1129,4.5384538017802765
1495,2,2542,4.5384538017802765
1496,2,2819,4.5384538017802765
1497,2,2949,4.5384538017802765
1498,2,337,4.537366771159874
1499,2,1208,4.536261702854423
1500,2,7757,4.5344827586206895
1501,2,99149,4.5344827586206895
1502,2,40826,4.5344827586206895
1503,2,31685,4.529944676501955
1504,2,1277,4.529356943150047
1505,2,52604,4.529356943150047
1506,2,1172,4.5263088822309925
1507,2,858,4.52574322492552
1508,2,1244,4.525292861924642
1509,2,284,4.523706896551724
1510,2,4054,4.523706896551724
1511,2,990,4.523706896551724
1512,2,4200,4.523706896551724
1513,2,2175,4.523706896551724
1514,2,2432,4.523706896551724
1515,2,2491,4.523706896551724
1516,2,46,4.523706896551724
1517,2,6665,4.523706896551724
1518,2,270,4.523706896551724
1519,2,4374,4.523706896551724
1520,2,289,4.523706896551724
1521,2,140,4.523706896551724
1522,2,4748,4.523706896551724
1523,2,7023,4.523706896551724
1524,2,3004,4.523706896551724
1525,2,5527,4.523706896551724
1526,2,1457,4.523706896551724
1527,2,3269,4.523706896551724
1528,2,3353,4.523706896551724
1529,2,7450,4.523706896551724
1530,2,5657,4.523706896551724
1531,2,1652,4.523706896551724
1532,2,7782,4.523706896551724
1533,2,4270,4.523706896551724
1534,2,3824,4.523706896551724
1535,2,8268,4.523706896551724
1536,2,8132,4.523706896551724
1537,2,1275,4.5223893994846485
1538,2,56367,4.517672037098944
1539,2,1641,4.516477823321083
1540,2,5816,4.510521222948077
1541,2,1270,4.50714094103928
1542,2,1197,4.505637885089553
1543,2,33166,4.503831417624521
1544,2,44191,4.502539427960438
1545,2,3361,4.501338662343501
1546,2,1704,4.5
1547,2,58559,4.5
1548,2,68157,4.5
1549,2,80489,4.5
1550,2,594,4.4947390818646475
1551,2,1252,4.490314190378565
1552,2,805,4.4902605948933925
1553,2,223,4.489654519429525
1554,2,1376,4.489268228481179
1555,2,914,4.488200694753013
1556,2,3967,4.488200694753013
1557,2,5418,4.4862797665797025
1558,2,3675,4.4753028890959925
1559,2,7888,4.4753028890959925
1560,2,4090,4.4753028890959925
1561,2,230,4.474535541117333
1562,2,81845,4.471711709888616
1563,2,45720,4.469916120284928
1564,2,1272,4.468861015130728
1565,2,2915,4.467705278627389
1566,2,1673,4.46609841603562
1567,2,916,4.465724047114196
1568,2,616,4.465724047114196
1569,2,1029,4.459331442865572
1570,2,150,4.457904126615013
1571,2,1210,4.457565119084473
1572,2,2302,4.457283377432062
1573,2,1035,4.45269776336861
1574,2,3258,4.448275862068965
1575,2,7438,4.448275862068965
1576,2,2424,4.439840506650851
1577,2,1242,4.436426043932922
1578,2,586,4.435331117838027
1579,2,6,4.435312628033953
1580,2,912,4.434129135830821
1581,2,235,4.4299016104662154
1582,2,589,4.42927107501817
1583,2,1304,4.419827479741413
1584,2,750,4.409564433409701
1585,2,1974,4.409324712643678
1586,2,2671,4.407866379310344
1587,2,322,4.406930964837173
1588,2,1276,4.405665086640969
1589,2,296,4.401972289591104
1590,2,1968,4.399659645304915
1591,2,1198,4.3970415867215635
1592,2,2921,4.396118435023212
1593,2,2352,4.396118435023212
1594,2,3300,4.395605247359998
1595,2,1291,4.392505308427903
1596,2,7361,4.3916972056672225
1597,2,2763,4.388278231175812
1598,2,1127,4.388278231175812
1599,2,454,4.385235315377969
1600,2,8961,4.385144548937652
1601,2,4896,4.384875057028661
1602,2,7147,4.38458538587849
1603,2,6016,4.38375756733919
1604,2,919,4.380695125639887
1605,2,348,4.378416524740217
1606,2,2948,4.377903532470821
1607,2,5349,4.37465208631753
1608,2,5378,4.37465208631753
1609,2,66934,4.3708802846733885
1610,2,552,4.3657596434199455
1611,2,5618,4.363248581267037
1612,2,930,4.358626195257975
1613,2,2186,4.358626195257975
1614,2,2959,4.357143874318881
1615,2,3751,4.347776184441628
1616,2,5015,4.347085385878489
1617,2,6078,4.347085385878489
1618,2,5064,4.347085385878489
1619,2,5065,4.347085385878489
1620,2,4874,4.347085385878489
1621,2,5785,4.347085385878489
1622,2,3476,4.344977931309824
1623,2,106920,4.3411445685607895
1624,2,8643,4.335756637526307
1625,2,6155,4.335756637526307
1626,2,6765,4.335756637526307
1627,2,31433,4.335756637526307
1628,2,8869,4.335756637526307
1629,2,7169,4.335756637526307
1630,2,5943,4.335756637526307
1631,2,588,4.334144930820623
1632,2,39,4.333133576477229
1633,2,2231,4.331430685956174
1634,2,1298,4.331430685956174
1635,2,2005,4.328595011005135
1636,2,1064,4.328595011005135
1637,2,2501,4.328595011005135
1638,2,4734,4.328595011005135
1639,2,5377,4.328595011005135
1640,2,6947,4.328595011005135
1641,2,7143,4.328595011005135
1642,2,3108,4.328595011005135
1643,2,1405,4.328595011005135
1644,2,3252,4.328595011005135
1645,2,3317,4.328595011005135
1646,2,3536,4.328595011005135
1647,2,2706,4.322428603722715
1648,2,950,4.321387644546307
1649,2,31437,4.321387644546307
1650,2,3089,4.321387644546307
1651,2,162,4.321387644546307
1652,2,3328,4.321387644546307
1653,2,27912,4.321387644546307
1654,2,5954,4.321387644546307
1655,2,8638,4.321387644546307
1656,2,446,4.321387644546307
1657,2,965,4.321387644546307
1658,2,215,4.321387644546307
1659,2,456,4.321387644546307
1660,2,8228,4.321387644546307
1661,2,4605,4.321387644546307
1662,2,4338,4.321387644546307
1663,2,6538,4.321387644546307
1664,2,1189,4.321387644546307
1665,2,2469,4.321387644546307
1666,2,4642,4.321387644546307
1667,2,5291,4.321387644546307
1668,2,8464,4.321387644546307
1669,2,2702,4.321387644546307
1670,2,1260,4.321387644546307
1671,2,25841,4.321387644546307
1672,2,1283,4.321387644546307
1673,2,7056,4.321387644546307
1674,2,31658,4.321387644546307
1675,2,8873,4.321387644546307
1676,2,3095,4.321387644546307
1677,2,7215,4.321387644546307
1678,2,7216,4.321387644546307
1679,2,27741,4.321387644546307
1680,2,27768,4.321387644546307
1681,2,27776,4.321387644546307
1682,2,27834,4.321387644546307
1683,2,27882,4.321387644546307
1684,2,3334,4.321387644546307
1685,2,4467,4.321387644546307
1686,2,33154,4.321387644546307
1687,2,800,4.321387644546307
1688,2,3681,4.321387644546307
1689,2,3735,4.321387644546307
1690,2,8044,4.321387644546307
1691,2,1834,4.321387644546307
1692,2,32770,4.321387644546307
1693,2,5945,4.321387644546307
1694,2,8128,4.321387644546307
1695,2,4037,4.321387644546307
1696,2,1923,4.318473688356659
1697,2,2058,4.314882637306081
1698,2,1876,4.314882637306081
1699,2,1136,4.3126073578896245
1700,2,1214,4.311306875273229
1701,2,3435,4.3112081237596485
1702,2,3618,4.308275862068966
1703,2,3580,4.308275862068966
1704,2,4878,4.307334141374923
1705,2,2871,4.306722564777999
1706,2,1269,4.3025146801369045
1707,2,898,4.3025146801369045
1708,2,905,4.3025146801369045
1709,2,2991,4.301834204855229
1710,2,2144,4.300765773242836
1711,2,1175,4.3007161382914365
1712,2,3006,4.3007161382914365
1713,2,3175,4.3007161382914365
1714,2,1674,4.299431749368953
1715,2,2762,4.298448865025126
1716,2,4085,4.29822925097004
1717,2,832,4.298159486476915
1718,2,539,4.298141063539203
1719,2,3255,4.2975263456279595
1720,2,2094,4.297167120064701
1721,2,1036,4.296192007171522
1722,2,1975,4.294942528735632
1723,2,2633,4.294942528735632
1724,2,1339,4.294942528735632
1725,2,2454,4.294942528735632
1726,2,3052,4.294942528735632
1727,2,1753,4.294942528735632
1728,2,2657,4.294309750378179
1729,2,5952,4.293666787509152
1730,2,69406,4.292025862068965
1731,2,104374,4.292025862068965
1732,2,106918,4.292025862068965
1733,2,1263,4.291539684760451
1734,2,32,4.288661569189757
1735,2,2359,4.285415743452388
1736,2,2208,4.2836417157275015
1737,2,3200,4.2836417157275015
1738,2,3963,4.2836417157275015
1739,2,1948,4.2836417157275015
1740,2,921,4.2836417157275015
1741,2,927,4.2836417157275015
1742,2,955,4.2836417157275015
1743,2,2018,4.2836417157275015
1744,2,1032,4.2836417157275015
1745,2,1081,4.2836417157275015
1746,2,1282,4.2836417157275015
1747,2,2946,4.2836417157275015
1748,2,3061,4.2836417157275015
1749,2,3210,4.2836417157275015
1750,2,3363,4.2836417157275015
1751,2,3422,4.2836417157275015
1752,2,364,4.277754685739336
1753,2,2087,4.277249111478879
1754,2,4105,4.270856507230255
1755,2,541,4.2680214990258145
1756,2,5296,4.267863490934944
1757,2,31420,4.267863490934944
1758,2,2889,4.267863490934944
1759,2,8968,4.267863490934944
1760,2,420,4.267863490934944
1761,2,45517,4.266457680250784
1762,2,8614,4.266457680250784
1763,2,1042,4.264440592565029
1764,2,474,4.264277681797394
1765,2,59315,4.262425422186268
1766,2,1203,4.256959188413152
1767,2,1049,4.256800428878566
1768,2,3793,4.254780364652608
1769,2,1188,4.24727806102592
1770,2,58,4.242666809788145
1771,2,8533,4.241831974613361
1772,2,4886,4.239521653314757
1773,2,1909,4.235830218214437
1774,2,1374,4.234769194100809
1775,2,3798,4.233911204858563
1776,2,3755,4.233632043712852
1777,2,111,4.230666842974849
1778,2,3996,4.22963114474537
1779,2,3948,4.228047815140192
1780,2,368,4.227606687229471
1781,2,597,4.226975432436813
1782,2,1234,4.225848093656957
1783,2,2001,4.223889257211978
1784,2,2857,4.22301324019485
1785,2,903,4.222059444210623
1786,2,3424,4.22114127711716
1787,2,527,4.220594465071304
1788,2,49286,4.219916120284928
1789,2,48385,4.217784905996614
1790,2,1729,4.217326694532786
1791,2,1356,4.21727444577003
1792,2,1265,4.216976111960722
1793,2,1944,4.2137230113033715
1794,2,1358,4.2137230113033715
1795,2,3529,4.2137230113033715
1796,2,6373,4.212513482451604
1797,2,161,4.207727485053723
1798,2,6593,4.2071320293758365
1799,2,1518,4.200204833370759
1800,2,1616,4.200204833370759
1801,2,300,4.1986745861519
1802,2,1125,4.192255318126194
1803,2,47,4.191476075907278
1804,2,5902,4.189095319199109
1805,2,5308,4.185396141215106
1806,2,68237,4.181609195402299
1807,2,2867,4.181609195402299
1808,2,4754,4.181609195402299
1809,2,735,4.181609195402299
1810,2,48774,4.181609195402299
1811,2,547,4.174082313681868
1812,2,1480,4.174082313681868
1813,2,2863,4.170222354789707
1814,2,69844,4.168978537408737
1815,2,1240,4.1685754639817585
1816,2,225,4.167802516788079
1817,2,2502,4.167394246811094
1818,2,924,4.1651415925338995
1819,2,30793,4.161630337051347
1820,2,101,4.157948688482907
1821,2,1961,4.154423940555489
1822,2,3471,4.151097104363892
1823,2,1307,4.149896370581413
1824,2,2746,4.149722118252626
1825,2,97938,4.1482758620689655
1826,2,115667,4.14780637850089
1827,2,88163,4.14780637850089
1828,2,139747,4.14780637850089
1829,2,104863,4.14780637850089
1830,2,4700,4.14780637850089
1831,2,117529,4.14780637850089
1832,2,52287,4.14780637850089
1833,2,1537,4.14780637850089
1834,2,7444,4.14780637850089
1835,2,132660,4.14780637850089
1836,2,32289,4.14780637850089
1837,2,128832,4.14780637850089
1838,2,5991,4.14780637850089
1839,2,69606,4.14780637850089
1840,2,55250,4.14780637850089
1841,2,74688,4.14780637850089
1842,2,70599,4.14780637850089
1843,2,1017,4.14780637850089
1844,2,92259,4.14780637850089
1845,2,111617,4.14780637850089
1846,2,6266,4.14780637850089
1847,2,55451,4.14780637850089
1848,2,78316,4.14780637850089
1849,2,111659,4.14780637850089
1850,2,118900,4.14780637850089
1851,2,82152,4.14780637850089
1852,2,86548,4.14780637850089
1853,2,74868,4.14780637850089
1854,2,117176,4.14780637850089
1855,2,70183,4.14780637850089
1856,2,80551,4.14780637850089
1857,2,8808,4.14780637850089
1858,2,96975,4.14780637850089
1859,2,65585,4.14780637850089
1860,2,6958,4.14780637850089
1861,2,109483,4.14780637850089
1862,2,80858,4.14780637850089
1863,2,80860,4.14780637850089
1864,2,60397,4.14780637850089
1865,2,135887,4.14780637850089
1866,2,85056,4.14780637850089
1867,2,1566,4.14780637850089
1868,2,91500,4.14780637850089
1869,2,77414,4.14780637850089
1870,2,106100,4.14780637850089
1871,2,58154,4.14780637850089
1872,2,114762,4.14780637850089
1873,2,108190,4.14780637850089
1874,2,90524,4.14780637850089
1875,2,52975,4.14780637850089
1876,2,42732,4.14780637850089
1877,2,33669,4.14780637850089
1878,2,114601,4.14780637850089
1879,2,114662,4.14780637850089
1880,2,106487,4.14780637850089
1881,2,492,4.146118435023212
1882,2,2301,4.146118435023212
1883,2,3037,4.146118435023212
1884,2,2420,4.146118435023212
1885,2,1284,4.146118435023212
1886,2,2951,4.146118435023212
1887,2,1201,4.145266376211326
1888,2,46578,4.144944764371671
1889,2,551,4.1445414570929815
1890,2,2000,4.1433889346788435
1891,2,349,4.142495658907577
1892,2,2694,4.142212479098366
1893,2,3408,4.141743875536979
1894,2,3256,4.140070345871153
1895,2,3703,4.140070345871153
1896,2,2716,4.139124658043953
1897,2,1375,4.13857396155857
1898,2,3186,4.13843543653705
1899,2,69757,4.1294078869509905
1900,2,3994,4.128357997436792
1901,2,1089,4.127341487472214
1902,2,909,4.1272454706138095
1903,2,1682,4.124770177189734
1904,2,3552,4.1240700773368655
1905,2,53972,4.120894909688013
1906,2,1920,4.120894909688013
1907,2,6058,4.120894909688013
1908,2,4132,4.120894909688013
1909,2,70286,4.120894909688013
1910,2,8861,4.120894909688013
1911,2,5479,4.120894909688013
1912,2,5507,4.120894909688013
1913,2,87520,4.120894909688013
1914,2,49530,4.120894909688013
1915,2,1965,4.1201831064293515
1916,2,1179,4.1201831064293515
1917,2,7153,4.1159235604538305
1918,2,1552,4.114923698165166
1919,2,3174,4.11365053907155
1920,2,2470,4.109600393218432
1921,2,785,4.107531582695887
1922,2,2371,4.107531582695887
1923,2,3127,4.106058378060437
1924,2,1037,4.106058378060437
1925,2,2263,4.106058378060437
1926,2,2668,4.106058378060437
1927,2,2670,4.106058378060437
1928,2,2688,4.106058378060437
1929,2,3162,4.106058378060437
1930,2,3203,4.106058378060437
1931,2,3208,4.106058378060437
1932,2,3301,4.106058378060437
1933,2,3370,4.106058378060437
1934,2,3430,4.106058378060437
1935,2,1645,4.106058378060437
1936,2,3654,4.106058378060437
1937,2,3686,4.106058378060437
1938,2,3769,4.106058378060437
1939,2,3841,4.106058378060437
1940,2,866,4.106058378060437
1941,2,3957,4.106058378060437
1942,2,3984,4.106058378060437
1943,2,4009,4.106058378060437
1944,2,81,4.106058378060437
1945,2,1939,4.106058378060437
1946,2,999,4.106058378060437
1947,2,2118,4.106058378060437
1948,2,2135,4.106058378060437
1949,2,2202,4.106058378060437
1950,2,1061,4.106058378060437
1951,2,2307,4.106058378060437
1952,2,2322,4.106058378060437
1953,2,2344,4.106058378060437
1954,2,2347,4.106058378060437
1955,2,517,4.106058378060437
1956,2,521,4.106058378060437
1957,2,2391,4.106058378060437
1958,2,2533,4.106058378060437
1959,2,2535,4.106058378060437
1960,2,1216,4.106058378060437
1961,2,2613,4.106058378060437
1962,2,2672,4.106058378060437
1963,2,22,4.106058378060437
1964,2,2803,4.106058378060437
1965,2,2941,4.106058378060437
1966,2,1343,4.106058378060437
1967,2,1378,4.106058378060437
1968,2,3102,4.106058378060437
1969,2,3107,4.106058378060437
1970,2,1396,4.106058378060437
1971,2,1422,4.106058378060437
1972,2,3197,4.106058378060437
1973,2,3204,4.106058378060437
1974,2,3219,4.106058378060437
1975,2,1459,4.106058378060437
1976,2,350,4.106058378060437
1977,2,3267,4.106058378060437
1978,2,3272,4.106058378060437
1979,2,3354,4.106058378060437
1980,2,3418,4.106058378060437
1981,2,3420,4.106058378060437
1982,2,3441,4.106058378060437
1983,2,3450,4.106058378060437
1984,2,3505,4.106058378060437
1985,2,3635,4.106058378060437
1986,2,3639,4.106058378060437
1987,2,3643,4.106058378060437
1988,2,1686,4.106058378060437
1989,2,3706,4.106058378060437
1990,2,3726,4.106058378060437
1991,2,3731,4.106058378060437
1992,2,3758,4.106058378060437
1993,2,3763,4.106058378060437
1994,2,3810,4.106058378060437
1995,2,3844,4.106058378060437
1996,2,3917,4.106058378060437
1997,2,891,4.106058378060437
1998,2,3959,4.106058378060437
1999,2,3985,4.106058378060437
2000,2,426,4.106058378060437
2001,2,4000,4.106058378060437
2002,2,2692,4.103784984273919
2003,2,2248,4.103725498602089
2004,2,1997,4.095820336951886
2005,2,1945,4.094059799594018
2006,2,2804,4.094059799594018
2007,2,1370,4.093387972758642
2008,2,2987,4.086766107985821
2009,2,5218,4.083366899647948
2010,2,141,4.082200174360268
2011,2,1586,4.072465769590993
2012,2,4002,4.070362579444748
2013,2,3257,4.064882637306081
2014,2,2394,4.0644189016602805
2015,2,80549,4.061554633798441
2016,2,1321,4.058165086640969
2017,2,4351,4.056802993851911
2018,2,1442,4.056802993851911
2019,2,934,4.056802993851911
2020,2,216,4.056802993851911
2021,2,33312,4.056802993851911
2022,2,6934,4.056802993851911
2023,2,45728,4.056802993851911
2024,2,48082,4.056802993851911
2025,2,7132,4.056802993851911
2026,2,8910,4.056802993851911
2027,2,36708,4.056802993851911
2028,2,5014,4.056771533064636
2029,2,1262,4.055564263178956
2030,2,3247,4.054847306793395
2031,2,910,4.0525146801369045
2032,2,2455,4.050798778880964
2033,2,3101,4.0507161382914365
2034,2,29,4.047112455062022
2035,2,2291,4.0384538017802765
2036,2,2367,4.0384538017802765
2037,2,2524,4.0384538017802765
2038,2,2580,4.0384538017802765
2039,2,2947,4.0384538017802765
2040,2,2288,4.0384538017802765
2041,2,2387,4.0384538017802765
2042,2,2457,4.0384538017802765
2043,2,1799,4.0384538017802765
2044,2,7151,4.0344827586206895
2045,2,111362,4.0344827586206895
2046,2,2640,4.033538166704092
2047,2,125,4.032501215133949
2048,2,34162,4.029944676501955
2049,2,51412,4.029356943150047
2050,2,2942,4.029356943150047
2051,2,26472,4.029356943150047
2052,2,2916,4.027277584419894
2053,2,1892,4.027167120064701
2054,2,500,4.024272072743567
2055,2,6417,4.023706896551724
2056,2,6287,4.023706896551724
2057,2,2340,4.023706896551724
2058,2,8778,4.023706896551724
2059,2,6793,4.023706896551724
2060,2,6996,4.023706896551724
2061,2,5409,4.023706896551724
2062,2,7345,4.023706896551724
2063,2,1605,4.023706896551724
2064,2,1707,4.023706896551724
2065,2,8118,4.023706896551724
2066,2,6577,4.023706896551724
2067,2,6723,4.023706896551724
2068,2,7031,4.023706896551724
2069,2,7032,4.023706896551724
2070,2,1429,4.023706896551724
2071,2,1626,4.023706896551724
2072,2,4991,4.023706896551724
2073,2,913,4.016534795166829
2074,2,1220,4.010162807517066
2075,2,204,4.006983745722558
2076,2,1967,4.002539427960438
2077,2,2407,4.000103084325081
2078,2,333,4.0
2079,2,3578,4.0
2080,2,6874,4.0
2081,2,46970,4.0
2082,2,48516,4.0
2083,2,74458,4.0
2084,2,79132,4.0
2085,2,86345,4.0
2086,2,112552,4.0
2087,2,2076,3.999847935593635
2088,2,1293,3.9977349791140875
2089,2,1088,3.997633639866307
2090,2,11,3.99727806102592
2091,2,1097,3.9968222545145187
2092,2,466,3.995803483474125
2093,2,1219,3.9954418200263278
2094,2,1466,3.994749672152885
2095,2,6787,3.989942528735632
2096,2,3296,3.989942528735632
2097,2,5995,3.989942528735632
2098,2,949,3.989942528735632
2099,2,2858,3.985938876266649
2100,2,158,3.982428549238894
2101,2,10,3.975354451207498
2102,2,4616,3.9753028890959925
2103,2,56152,3.9753028890959925
2104,2,44889,3.9753028890959925
2105,2,4039,3.9753028890959925
2106,2,164,3.9745355411173326
2107,2,46723,3.9727051145910015
2108,2,1250,3.9725688725000454
2109,2,1215,3.972469410456062
2110,2,3911,3.972146778600742
2111,2,2749,3.9708492255001167
2112,2,1845,3.9708492255001167
2113,2,1883,3.9708492255001167
2114,2,1938,3.9708492255001167
2115,2,1962,3.9708492255001167
2116,2,2014,3.9708492255001167
2117,2,2040,3.9708492255001167
2118,2,2145,3.9708492255001167
2119,2,1057,3.9708492255001167
2120,2,1078,3.9708492255001167
2121,2,1082,3.9708492255001167
2122,2,2313,3.9708492255001167
2123,2,2348,3.9708492255001167
2124,2,1099,3.9708492255001167
2125,2,1112,3.9708492255001167
2126,2,2463,3.9708492255001167
2127,2,2474,3.9708492255001167
2128,2,2518,3.9708492255001167
2129,2,562,3.9708492255001167
2130,2,2583,3.9708492255001167
2131,2,1227,3.9708492255001167
2132,2,2639,3.9708492255001167
2133,2,2872,3.9708492255001167
2134,2,1297,3.9708492255001167
2135,2,2912,3.9708492255001167
2136,2,1344,3.9708492255001167
2137,2,52,3.9708492255001167
2138,2,1395,3.9708492255001167
2139,2,1476,3.9708492255001167
2140,2,1648,3.9708492255001167
2141,2,417,3.9708492255001167
2142,2,1885,3.9708492255001167
2143,2,942,3.9708492255001167
2144,2,2100,3.9708492255001167
2145,2,2108,3.9708492255001167
2146,2,2134,3.9708492255001167
2147,2,2146,3.9708492255001167
2148,2,1031,3.9708492255001167
2149,2,2247,3.9708492255001167
2150,2,1091,3.9708492255001167
2151,2,1135,3.9708492255001167
2152,2,2413,3.9708492255001167
2153,2,2414,3.9708492255001167
2154,2,2416,3.9708492255001167
2155,2,2419,3.9708492255001167
2156,2,1185,3.9708492255001167
2157,2,2475,3.9708492255001167
2158,2,1194,3.9708492255001167
2159,2,2521,3.9708492255001167
2160,2,2551,3.9708492255001167
2161,2,1217,3.9708492255001167
2162,2,610,3.9708492255001167
2163,2,2779,3.9708492255001167
2164,2,2877,3.9708492255001167
2165,2,2971,3.9708492255001167
2166,2,2988,3.9708492255001167
2167,2,2989,3.9708492255001167
2168,2,1627,3.9708492255001167
2169,2,176,3.9708492255001167
2170,2,1916,3.9708492255001167
2171,2,293,3.970348938246519
2172,2,7451,3.969916120284928
2173,2,86833,3.969916120284928
2174,2,2993,3.968500871521896
2175,2,50,3.9683798653086906
2176,2,1994,3.967796292375856
2177,2,2641,3.967326694532786
2178,2,1438,3.967326694532786
2179,2,3249,3.967326694532786
2180,2,2110,3.96609841603562
2181,2,3005,3.9658171240132125
2182,2,2009,3.9637230113033715
2183,2,1711,3.9637230113033715
2184,2,480,3.9614085598499464
2185,2,1033,3.959331442865573
2186,2,6378,3.9543053940636215
2187,2,109374,3.9530215952629746
2188,2,3897,3.9507491670739188
2189,2,2013,3.9499149563794305
2190,2,1663,3.9496799546327783
2191,2,2747,3.9482758620689653
2192,2,45722,3.9482758620689653
2193,2,8622,3.9482758620689653
2194,2,2772,3.9482758620689653
2195,2,4239,3.9482758620689653
2196,2,2529,3.9482570314984993
2197,2,380,3.9462928981007828
2198,2,51662,3.944379200311479
2199,2,593,3.940642336836946
2200,2,1093,3.939860929388427
2201,2,2527,3.939447821819087
2202,2,1653,3.939447821819087
2203,2,3527,3.939447821819087
2204,2,6663,3.939095319199109
2205,2,224,3.9361848236621375
2206,2,5151,3.935396141215106
2207,2,339,3.9326826959313856
2208,2,3893,3.927578270341275
2209,2,2011,3.9258727612937716
2210,2,5060,3.923309444210623
2211,2,2788,3.920222354789707
2212,2,1256,3.920222354789707
2213,2,231,3.918793611857522
2214,2,1285,3.9185780943237933
2215,2,370,3.918062393420112
2216,2,50872,3.9162316294198942
2217,2,3753,3.913496167462806
2218,2,508,3.9094278029492644
2219,2,3104,3.906098368264358
2220,2,1254,3.90582411971985
2221,2,902,3.901948950050564
2222,2,329,3.900984135640217
2223,2,3060,3.899722118252626
2224,2,2245,3.899722118252626
2225,2,2409,3.899267504416189
2226,2,2410,3.899267504416189
2227,2,648,3.8982515432515545
2228,2,1212,3.8961184350232116
2229,2,3555,3.8952673476044755
2230,2,7149,3.8950822884012535
2231,2,377,3.893626358331809
2232,2,1784,3.892452476200886
2233,2,2908,3.8911649747465975
2234,2,3176,3.8882782311758124
2235,2,4641,3.884831753307636
2236,2,2490,3.8819527727205148
2237,2,273,3.8791920359854024
2238,2,2918,3.8759651412037863
2239,2,292,3.872942671710414
2240,2,3949,3.869206094627105
2241,2,592,3.8674330893858864
2242,2,1608,3.866871500037426
2243,2,497,3.8652083426674158
2244,2,2841,3.8605565638233514
2245,2,3671,3.860110749789934
2246,2,520,3.858405996891314
2247,2,32587,3.8580696765019553
2248,2,839,3.8569234950990094
2249,2,2985,3.855500536164646
2250,2,2081,3.849811156654417
2251,2,435,3.847085385878489
2252,2,5107,3.847085385878489
2253,2,5108,3.847085385878489
2254,2,5283,3.847085385878489
2255,2,5388,3.847085385878489
2256,2,5449,3.847085385878489
2257,2,5463,3.847085385878489
2258,2,5506,3.847085385878489
2259,2,5696,3.847085385878489
2260,2,5810,3.847085385878489
2261,2,4958,3.847085385878489
2262,2,5040,3.847085385878489
2263,2,5312,3.847085385878489
2264,2,640,3.8430127041742286
2265,2,85,3.8430127041742286
2266,2,233,3.8430127041742286
2267,2,535,3.8430127041742286
2268,2,294,3.8430127041742286
2269,2,57,3.8430127041742286
2270,2,334,3.8430127041742286
2271,2,26,3.8430127041742286
2272,2,428,3.8430127041742286
2273,2,3039,3.839508976503078
2274,2,7320,3.8357566375263072
2275,2,4993,3.8348602610487714
2276,2,76093,3.834639498432602
2277,2,2125,3.8333694286859163
2278,2,445,3.8321714542876304
2279,2,3977,3.8320940199341367
2280,2,3809,3.8314306859561738
2281,2,34,3.8298861830212663
2282,2,4299,3.8285950110051354
2283,2,2713,3.8285950110051354
2284,2,6003,3.8285950110051354
2285,2,2140,3.8285950110051354
2286,2,4776,3.8285950110051354
2287,2,5956,3.8285950110051354
2288,2,1391,3.828492660745561
2289,2,431,3.828083005486218
2290,2,1527,3.824356439934527
2291,2,8623,3.8213876445463066
2292,2,5225,3.8213876445463066
2293,2,7072,3.8213876445463066
2294,2,3730,3.8213876445463066
2295,2,5008,3.8213876445463066
2296,2,8645,3.8213876445463066
2297,2,6552,3.8213876445463066
2298,2,25773,3.8213876445463066
2299,2,4361,3.8213876445463066
2300,2,8784,3.8213876445463066
2301,2,6724,3.8213876445463066
2302,2,2686,3.8213876445463066
2303,2,31410,3.8213876445463066
2304,2,6852,3.8213876445463066
2305,2,6870,3.8213876445463066
2306,2,1287,3.8213876445463066
2307,2,7013,3.8213876445463066
2308,2,31610,3.8213876445463066
2309,2,7076,3.8213876445463066
2310,2,8914,3.8213876445463066
2311,2,3246,3.8213876445463066
2312,2,32022,3.8213876445463066
2313,2,3448,3.8213876445463066
2314,2,7698,3.8213876445463066
2315,2,8014,3.8213876445463066
2316,2,4029,3.8213876445463066
2317,2,1914,3.8213876445463066
2318,2,2176,3.8213876445463066
2319,2,2336,3.8213876445463066
2320,2,4681,3.8213876445463066
2321,2,6662,3.8213876445463066
2322,2,31702,3.8213876445463066
2323,2,154,3.8213876445463066
2324,2,27820,3.8213876445463066
2325,2,3498,3.8213876445463066
2326,2,7728,3.8213876445463066
2327,2,4914,3.8213876445463066
2328,2,26375,3.8213876445463066
2329,2,1092,3.81893432191893
2330,2,3785,3.81843543653705
2331,2,2990,3.8177076606052416
2332,2,4226,3.8159909239513192
2333,2,315,3.8148826373060802
2334,2,1970,3.8117687698703837
2335,2,1907,3.8115546337984414
2336,2,2243,3.8095244183031625
2337,2,376,3.8079976631463475
2338,2,5459,3.807474438406717
2339,2,3481,3.8039666996743633
2340,2,3814,3.8025146801369045
2341,2,1320,3.8008675133966325
2342,2,1385,3.798159486476915
2343,2,748,3.798159486476915
2344,2,6539,3.7975145446232994
2345,2,2605,3.7971671200647013
2346,2,170697,3.7920258620689653
2347,2,91077,3.7920258620689653
2348,2,180231,3.7920258620689653
2349,2,63859,3.7920258620689653
2350,2,6942,3.7920258620689653
2351,2,27808,3.7920258620689653
2352,2,140110,3.7920258620689653
2353,2,1911,3.7920258620689653
2354,2,30825,3.7920258620689653
2355,2,7293,3.7920258620689653
2356,2,65230,3.7920258620689653
2357,2,104211,3.7920258620689653
2358,2,2406,3.790616710765395
2359,2,514,3.7892921222315668
2360,2,587,3.787114658277382
2361,2,1,3.7849690442352
2362,2,1077,3.7831703949064592
2363,2,4033,3.7728372655777376
2364,2,3461,3.7708565072302553
2365,2,1022,3.7708565072302553
2366,2,4306,3.7694002319925963
2367,2,4148,3.767863490934945
2368,2,5989,3.7671605855928645
2369,2,91325,3.7664576802507836
2370,2,4022,3.7664576802507836
2371,2,5047,3.766052941473952
2372,2,3033,3.763826109676014
2373,2,1584,3.7634677588204606
2374,2,441,3.7620465011858277
2375,2,196,3.7569837457225583
2376,2,185,3.753369081623078
2377,2,27773,3.7514984199743027
2378,2,1597,3.7503299724141406
2379,2,1569,3.74727806102592
2380,2,1101,3.745785963333702
2381,2,1485,3.744753610143248
2382,2,4246,3.7358985771682667
2383,2,2,3.7346927788078825
2384,2,5219,3.733990147783251
2385,2,2628,3.730894268122125
2386,2,509,3.7293690817574197
2387,2,923,3.7282701290056433
2388,2,3868,3.7230132401948497
2389,2,968,3.7206772957607215
2390,2,25,3.7206227700242525
2391,2,95441,3.719916120284928
2392,2,88405,3.719916120284928
2393,2,129354,3.719916120284928
2394,2,2528,3.717326694532786
2395,2,3869,3.717326694532786
2396,2,1371,3.717045744660438
2397,2,708,3.714152313559827
2398,2,3702,3.7137230113033715
2399,2,60069,3.7120278796188075
2400,2,1748,3.709562543784541
2401,2,21,3.708868265255959
2402,2,1047,3.708757922347223
2403,2,2572,3.706102043446986
2404,2,2427,3.7019482277735833
2405,2,3316,3.701080163542962
2406,2,3452,3.701080163542962
2407,2,135,3.700522331902085
2408,2,728,3.700522331902085
2409,2,19,3.698615506512091
2410,2,3035,3.6948500468939693
2411,2,2683,3.6942183541239912
2412,2,317,3.6912892199983434
2413,2,86332,3.6902113459399333
2414,2,91542,3.6902113459399333
2415,2,122892,3.6902113459399333
2416,2,106072,3.6902113459399333
2417,2,106489,3.6902113459399333
2418,2,88140,3.6902113459399333
2419,2,102125,3.6902113459399333
2420,2,77561,3.6902113459399333
2421,2,118696,3.6902113459399333
2422,2,30810,3.689095319199109
2423,2,3160,3.6867327260263756
2424,2,367,3.6854663007242534
2425,2,5620,3.685396141215106
2426,2,79008,3.6816091954022987
2427,2,8950,3.6816091954022987
2428,2,82,3.6816091954022987
2429,2,1972,3.6816091954022987
2430,2,56339,3.6816091954022987
2431,2,61240,3.6816091954022987
2432,2,6629,3.6816091954022987
2433,2,407,3.6816091954022987
2434,2,1204,3.67108000161422
2435,2,2724,3.6704980842911876
2436,2,3510,3.6704980842911876
2437,2,4979,3.6687585600630515
2438,2,2355,3.668619777412881
2439,2,2485,3.659152231396039
2440,2,104,3.6499248496019425
2441,2,307,3.6482758620689655
2442,2,1211,3.6482758620689655
2443,2,5524,3.6478063785008903
2444,2,71668,3.6478063785008903
2445,2,75805,3.6478063785008903
2446,2,33815,3.6478063785008903
2447,2,45221,3.6478063785008903
2448,2,90343,3.6478063785008903
2449,2,53974,3.6478063785008903
2450,2,44225,3.6478063785008903
2451,2,101612,3.6478063785008903
2452,2,85397,3.6478063785008903
2453,2,59333,3.6478063785008903
2454,2,95199,3.6478063785008903
2455,2,53466,3.6478063785008903
2456,2,2354,3.6478063785008903
2457,2,111113,3.6478063785008903
2458,2,80241,3.6478063785008903
2459,2,6619,3.6478063785008903
2460,2,88785,3.6478063785008903
2461,2,7142,3.6478063785008903
2462,2,7375,3.6478063785008903
2463,2,126548,3.6478063785008903
2464,2,56941,3.6478063785008903
2465,2,56949,3.6478063785008903
2466,2,3791,3.6478063785008903
2467,2,74154,3.6478063785008903
2468,2,4017,3.6478063785008903
2469,2,78264,3.6478063785008903
2470,2,78772,3.6478063785008903
2471,2,112788,3.6478063785008903
2472,2,43930,3.6478063785008903
2473,2,7380,3.6478063785008903
2474,2,72919,3.6478063785008903
2475,2,32296,3.6478063785008903
2476,2,1959,3.6461184350232116
2477,2,1333,3.642442528735632
2478,2,1676,3.641579249687523
2479,2,2278,3.6400703458711527
2480,2,257,3.6400703458711527
2481,2,163,3.6400703458711527
2482,2,2405,3.635167538188563
2483,2,3253,3.633323963003147
2484,2,1982,3.6328958771178743
2485,2,2600,3.6305565638233515
2486,2,2150,3.6272454706138095
2487,2,2109,3.6272454706138095
2488,2,8529,3.626623728955352
2489,2,2232,3.6208949096880128
2490,2,58103,3.6208949096880128
2491,2,80363,3.6208949096880128
2492,2,48304,3.6208949096880128
2493,2,79293,3.6208949096880128
2494,2,55232,3.6208949096880128
2495,2,2162,3.6208949096880128
2496,2,6537,3.6208949096880128
2497,2,43679,3.6208949096880128
2498,2,51935,3.6208949096880128
2499,2,53996,3.6208949096880128
2500,2,53000,3.6208949096880128
2501,2,69526,3.6208949096880128
2502,2,59615,3.6208949096880128
2503,2,5445,3.6164216052147085
2504,2,1721,3.6129803006032946
2505,2,4025,3.6129299151677094
2506,2,17,3.612522942075356
2507,2,1367,3.6089110826062814
2508,2,6365,3.6080696765019553
2509,2,1302,3.6020073499132788
2510,2,1183,3.590133762211899
2511,2,8866,3.5857566375263072
2512,2,68954,3.58288355844404
2513,2,8360,3.573492033354724
2514,2,1754,3.5724657695909925
2515,2,393,3.572300903119868
2516,2,2402,3.5659341710828554
2517,2,160,3.561367247580577
2518,2,765,3.5580319596299406
2519,2,637,3.5580319596299406
2520,2,673,3.5580319596299406
2521,2,837,3.5580319596299406
2522,2,2859,3.5568029938519112
2523,2,3677,3.5568029938519112
2524,2,45950,3.5568029938519112
2525,2,2021,3.5568029938519112
2526,2,2046,3.5568029938519112
2527,2,6296,3.5568029938519112
2528,2,4214,3.5568029938519112
2529,2,743,3.5568029938519112
2530,2,40583,3.5568029938519112
2531,2,5299,3.5542727148330595
2532,2,786,3.5529914817375077
2533,2,3882,3.548041120284928
2534,2,208,3.5467498621630402
2535,2,4718,3.544625567740626
2536,2,490,3.5384538017802765
2537,2,2273,3.5384538017802765
2538,2,2476,3.5384538017802765
2539,2,2802,3.5384538017802765
2540,2,3029,3.5384538017802765
2541,2,1722,3.5384538017802765
2542,2,3617,3.538069676501955
2543,2,353,3.5370457446604378
2544,2,112852,3.5344827586206895
2545,2,3668,3.5344827586206895
2546,2,104841,3.5344827586206895
2547,2,95167,3.5344827586206895
2548,2,1416,3.5293569431500464
2549,2,52967,3.5293569431500464
2550,2,54272,3.5292417711598745
2551,2,2881,3.527167120064701
2552,2,186,3.5237068965517238
2553,2,7101,3.5237068965517238
2554,2,2589,3.5237068965517238
2555,2,1372,3.5225394279604383
2556,2,5444,3.5171605855928645
2557,2,3409,3.517065966763325
2558,2,471,3.506982873826134
2559,2,2115,3.5065993810634253
2560,2,3020,3.501338662343502
2561,2,653,3.5013305680281257
2562,2,8798,3.5
2563,2,91529,3.5
2564,2,99114,3.5
2565,2,115713,3.5
2566,2,3683,3.4977349791140875
2567,2,2717,3.49727806102592
2568,2,1732,3.496056946605014
2569,2,112,3.490260594893393
2570,2,1390,3.490260594893393
2571,2,86,3.490260594893393
2572,2,969,3.490260594893393
2573,2,1020,3.490260594893393
2574,2,788,3.490260594893393
2575,2,119,3.490260594893393
2576,2,737,3.490260594893393
2577,2,113207,3.489942528735632
2578,2,6978,3.489942528735632
2579,2,7265,3.489942528735632
2580,2,3615,3.4893869731800766
2581,2,2761,3.4770699000093446
2582,2,736,3.475681849719482
2583,2,7386,3.4753028890959925
2584,2,3398,3.4753028890959925
2585,2,132,3.4745355411173326
2586,2,540,3.4745355411173326
2587,2,2890,3.470484438765059
2588,2,63082,3.45260486639797
2589,2,2539,3.4520824101190546
2590,2,4720,3.4482758620689653
2591,2,661,3.4482758620689653
2592,2,1409,3.4482758620689653
2593,2,37733,3.4482758620689653
2594,2,2107,3.4482758620689653
2595,2,3968,3.4482758620689653
2596,2,733,3.445905274840956
2597,2,2699,3.4423905019023797
2598,2,2167,3.436960934497691
2599,2,1772,3.436960934497691
2600,2,745,3.432248225355001
2601,2,3067,3.427949294792555
2602,2,1377,3.416996639080807
2603,2,440,3.406930964837173
2604,2,4007,3.406098368264358
2605,2,1103,3.405665086640969
2606,2,434,3.403845211175067
2607,2,2174,3.4015591159537903
2608,2,153,3.393708315425789
2609,2,344,3.3885491654496973
2610,2,671,3.379472302411747
2611,2,145,3.376955557747524
2612,2,1687,3.366871500037426
2613,2,1544,3.358714889428934
2614,2,1206,3.3584121284741575
2615,2,165,3.35209065976414
2616,2,2906,3.347102490421456
2617,2,2722,3.347102490421456
2618,2,6238,3.347085385878489
2619,2,5665,3.347085385878489
2620,2,5254,3.347085385878489
2621,2,5009,3.347085385878489
2622,2,316,3.345749715193956
2623,2,4027,3.345373728955352
2624,2,2002,3.3421194977618054
2625,2,84374,3.34114456856079
2626,2,3638,3.3314306859561738
2627,2,2541,3.3233141069321466
2628,2,27815,3.3213876445463066
2629,2,32632,3.3213876445463066
2630,2,4128,3.3213876445463066
2631,2,994,3.3213876445463066
2632,2,7090,3.3213876445463066
2633,2,4799,3.3213876445463066
2634,2,7162,3.3213876445463066
2635,2,7311,3.3213876445463066
2636,2,30846,3.3213876445463066
2637,2,6807,3.3213876445463066
2638,2,8364,3.3213876445463066
2639,2,4447,3.3197121839276096
2640,2,3,3.3194534285390986
2641,2,2530,3.3177076606052416
2642,2,253,3.3151933589647458
2643,2,2986,3.3148826373060802
2644,2,2617,3.3148826373060802
2645,2,95,3.308304661319655
2646,2,3099,3.308275862068965
2647,2,3646,3.308275862068965
2648,2,1953,3.2994317493689533
2649,2,172,3.298159486476915
2650,2,3042,3.294942528735632
2651,2,2003,3.294942528735632
2652,2,2004,3.294942528735632
2653,2,1130,3.294942528735632
2654,2,3146,3.294942528735632
2655,2,2496,3.294942528735632
2656,2,3264,3.294942528735632
2657,2,2750,3.283641715727502
2658,2,2926,3.283641715727502
2659,2,4036,3.283641715727502
2660,2,1273,3.283641715727502
2661,2,2936,3.283641715727502
2662,2,4023,3.283641715727502
2663,2,4020,3.283641715727502
2664,2,945,3.283641715727502
2665,2,3925,3.283641715727502
2666,2,48780,3.2708565072302553
2667,2,74685,3.2708565072302553
2668,2,34520,3.267863490934945
2669,2,8644,3.2671605855928645
2670,2,8361,3.2664576802507836
2671,2,3863,3.262906857216126
2672,2,2997,3.239284159991824
2673,2,3113,3.2358302182144367
2674,2,55820,3.224033437826541
2675,2,3173,3.223094354618736
2676,2,2861,3.2216676749344626
2677,2,3998,3.2211412771171597
2678,2,553,3.213414416814945
2679,2,288,3.210414690563375
2680,2,780,3.206729443234403
2681,2,762,3.2066752898351845
2682,2,1917,3.200204833370759
2683,2,33794,3.197694184368591
2684,2,4008,3.1948500468939693
2685,2,4161,3.1926990024285233
2686,2,3623,3.192406134390579
2687,2,2321,3.1919595285913083
2688,2,3752,3.182539427960438
2689,2,54286,3.181998220791324
2690,2,26131,3.1816091954022987
2691,2,27604,3.1816091954022987
2692,2,2808,3.152786761872432
2693,2,94959,3.1504702194357366
2694,2,2116,3.149722118252626
2695,2,68135,3.1478063785008903
2696,2,91628,3.1478063785008903
2697,2,109895,3.1478063785008903
2698,2,58998,3.1478063785008903
2699,2,61071,3.1478063785008903
2700,2,47122,3.1478063785008903
2701,2,6535,3.1478063785008903
2702,2,72407,3.1478063785008903
2703,2,81784,3.1478063785008903
2704,2,47518,3.1478063785008903
2705,2,62718,3.1478063785008903
2706,2,33499,3.1478063785008903
2707,2,69122,3.1478063785008903
2708,2,50802,3.1478063785008903
2709,2,507,3.1466246893058725
2710,2,2478,3.1461184350232116
2711,2,4018,3.133664375582479
2712,2,2423,3.1328958771178743
2713,2,1747,3.1328958771178743
2714,2,4368,3.1208949096880128
2715,2,2860,3.1208949096880128
2716,2,8957,3.1208949096880128
2717,2,57274,3.1208949096880128
2718,2,5419,3.1208949096880128
2719,2,53121,3.1208949096880128
2720,2,4558,3.1208949096880128
2721,2,4816,3.1073667711598745
2722,2,2531,3.1060583780604367
2723,2,436,3.1060583780604367
2724,2,502,3.1060583780604367
2725,2,2404,3.1060583780604367
2726,2,2399,3.1060583780604367
2727,2,2532,3.1060583780604367
2728,2,2616,3.1060583780604367
2729,2,2662,3.1060583780604367
2730,2,2792,3.1060583780604367
2731,2,1431,3.1060583780604367
2732,2,170,3.1060583780604367
2733,2,438,3.1060583780604367
2734,2,198,3.1060583780604367
2735,2,2153,3.1060583780604367
2736,2,2193,3.1060583780604367
2737,2,2334,3.1060583780604367
2738,2,2373,3.1060583780604367
2739,2,2412,3.1060583780604367
2740,2,548,3.1060583780604367
2741,2,2561,3.1060583780604367
2742,2,1379,3.1060583780604367
2743,2,1445,3.1060583780604367
2744,2,1515,3.1060583780604367
2745,2,3431,3.1060583780604367
2746,2,1589,3.1060583780604367
2747,2,782,3.1060583780604367
2748,2,3545,3.1060583780604367
2749,2,3628,3.1060583780604367
2750,2,798,3.1060583780604367
2751,2,3724,3.1060583780604367
2752,2,3740,3.1060583780604367
2753,2,3764,3.1060583780604367
2754,2,3766,3.1060583780604367
2755,2,415,3.1060583780604367
2756,2,1779,3.1060583780604367
2757,2,3873,3.1060583780604367
2758,2,1804,3.1060583780604367
2759,2,79,3.1060583780604367
2760,2,1995,3.1060583780604367
2761,2,2027,3.1060583780604367
2762,2,2121,3.1060583780604367
2763,2,2815,3.1060583780604367
2764,2,1327,3.1060583780604367
2765,2,3063,3.1060583780604367
2766,2,1388,3.1060583780604367
2767,2,3286,3.1060583780604367
2768,2,3432,3.1060583780604367
2769,2,1590,3.1060583780604367
2770,2,1598,3.1060583780604367
2771,2,3557,3.1060583780604367
2772,2,3584,3.1060583780604367
2773,2,3633,3.1060583780604367
2774,2,809,3.1060583780604367
2775,2,3704,3.1060583780604367
2776,2,3705,3.1060583780604367
2777,2,1690,3.1060583780604367
2778,2,3767,3.1060583780604367
2779,2,1801,3.1060583780604367
2780,2,3918,3.1060583780604367
2781,2,3927,3.1060583780604367
2782,2,3930,3.1060583780604367
2783,2,1833,3.1060583780604367
2784,2,2122,3.1060583780604367
2785,2,3438,3.1060583780604367
2786,2,3519,3.1060583780604367
2787,2,849,3.1060583780604367
2788,2,70,3.0921194977618054
2789,2,1573,3.083663305747474
2790,2,2723,3.0825733661914057
2791,2,1580,3.0790689574194463
2792,2,1080,3.0612466683171564
2793,2,2953,3.0603104365370504
2794,2,4545,3.0568029938519112
2795,2,529,3.0568029938519112
2796,2,250,3.0568029938519112
2797,2,48,3.049288711404662
2798,2,2712,3.043207723953423
2799,2,2505,3.0384538017802765
2800,2,1918,3.0384538017802765
2801,2,2105,3.0384538017802765
2802,2,2353,3.0384538017802765
2803,2,1479,3.0384538017802765
2804,2,1769,3.0384538017802765
2805,2,459,3.0384538017802765
2806,2,42,3.0384538017802765
2807,2,4191,3.0344827586206895
2808,2,8865,3.0344827586206895
2809,2,114713,3.0344827586206895
2810,2,55247,3.0293569431500464
2811,2,4715,3.0237068965517238
2812,2,4827,3.0237068965517238
2813,2,2023,3.018094390447182
2814,2,2012,3.0001030843250813
2815,2,318,3.0
2816,2,71535,3.0
2817,2,77455,3.0
2818,2,109487,3.0
2819,2,3262,2.989942528735632
2820,2,4091,2.989942528735632
2821,2,4262,2.985633761025293
2822,2,1407,2.974902601115931
2823,2,2303,2.9708492255001167
2824,2,1906,2.9708492255001167
2825,2,1964,2.9708492255001167
2826,2,2022,2.9708492255001167
2827,2,2073,2.9708492255001167
2828,2,2155,2.9708492255001167
2829,2,2262,2.9708492255001167
2830,2,2369,2.9708492255001167
2831,2,2504,2.9708492255001167
2832,2,615,2.9708492255001167
2833,2,1392,2.9708492255001167
2834,2,2133,2.9708492255001167
2835,2,2171,2.9708492255001167
2836,2,2249,2.9708492255001167
2837,2,2421,2.9708492255001167
2838,2,2443,2.9708492255001167
2839,2,2517,2.9708492255001167
2840,2,2523,2.9708492255001167
2841,2,2707,2.9708492255001167
2842,2,2734,2.9708492255001167
2843,2,1290,2.9708492255001167
2844,2,4424,2.9708492255001167
2845,2,2956,2.9708492255001167
2846,2,3071,2.9708492255001167
2847,2,1454,2.9708492255001167
2848,2,2130,2.9708492255001167
2849,2,2433,2.9708492255001167
2850,2,2928,2.9708492255001167
2851,2,97921,2.969916120284928
2852,2,3986,2.961691330770125
2853,2,707,2.9599868962271105
2854,2,2567,2.959562543784541
2855,2,70293,2.959331442865573
2856,2,1373,2.9578912889753375
2857,2,3969,2.957132029375837
2858,2,442,2.953352931987592
2859,2,2054,2.9482758620689653
2860,2,53953,2.9012520525451557
2861,2,2794,2.899722118252626
2862,2,110771,2.893279215523023
2863,2,2710,2.879774085308304
2864,2,2126,2.8779035324708215
2865,2,485,2.8557227328179824
2866,2,7116,2.8526580459770114
2867,2,5400,2.847085385878489
2868,2,5574,2.847085385878489
2869,2,4887,2.847085385878489
2870,2,265,2.8430127041742286
2871,2,538,2.8430127041742286
2872,2,2384,2.8385816608254686
2873,2,4701,2.8285950110051354
2874,2,3155,2.8285950110051354
2875,2,2082,2.8285950110051354
2876,2,6503,2.8285950110051354
2877,2,5382,2.8213876445463066
2878,2,7063,2.8213876445463066
2879,2,4321,2.8213876445463066
2880,2,32584,2.8213876445463066
2881,2,2770,2.820673654895652
2882,2,2995,2.8093869731800765
2883,2,5266,2.8067715330646363
2884,2,544,2.798159486476915
2885,2,2375,2.793922662398545
2886,2,7,2.790631296434762
2887,2,2006,2.777167120064701
2888,2,54999,2.7708565072302553
2889,2,2422,2.767863490934945
2890,2,7022,2.767863490934945
2891,2,59784,2.7664576802507836
2892,2,37729,2.7664576802507836
2893,2,405,2.7598087690217197
2894,2,2598,2.749240032858072
2895,2,4498,2.721003134796238
2896,2,3698,2.717326694532786
2897,2,543,2.709562543784541
2898,2,102007,2.6902113459399333
2899,2,410,2.6878620563379387
2900,2,1969,2.6861746935643303
2901,2,168,2.6815316116742647
2902,2,6659,2.672547270549015
2903,2,2882,2.6704980842911876
2904,2,24,2.6704980842911876
2905,2,2840,2.6704980842911876
2906,2,134853,2.669008862220412
2907,2,59258,2.6478063785008903
2908,2,70932,2.6478063785008903
2909,2,74450,2.6478063785008903
2910,2,58347,2.6478063785008903
2911,2,33836,2.6478063785008903
2912,2,47516,2.6478063785008903
2913,2,7316,2.6478063785008903
2914,2,227,2.6400703458711527
2915,2,1094,2.6400703458711527
2916,2,647,2.6400703458711527
2917,2,39446,2.6208949096880128
2918,2,48877,2.6208949096880128
2919,2,631,2.5580319596299406
2920,2,609,2.5580319596299406
2921,2,810,2.5580319596299406
2922,2,5,2.5580319596299406
2923,2,7247,2.5568029938519112
2924,2,2141,2.556118363366319
2925,2,996,2.5384538017802765
2926,2,8640,2.5344827586206895
2927,2,12,2.524146277261667
2928,2,2701,2.508816402609506
2929,2,91658,2.5
2930,2,20,2.490260594893393
2931,2,193,2.490260594893393
2932,2,464,2.490260594893393
2933,2,1027,2.490260594893393
2934,2,338,2.490260594893393
2935,2,372,2.490260594893393
2936,2,76,2.490260594893393
2937,2,23,2.490260594893393
2938,2,3273,2.4882758620689653
2939,2,2606,2.4882758620689653
2940,2,3608,2.4882758620689653
2941,2,2735,2.468500871521896
2942,2,1971,2.4482758620689653
2943,2,5693,2.4482758620689653
2944,2,1587,2.436960934497691
2945,2,2428,2.4084354365370504
2946,2,3826,2.3982758620689655
2947,2,1614,2.36865345287545
2948,2,5420,2.347085385878489
2949,2,2161,2.3285950110051354
2950,2,1644,2.3285950110051354
2951,2,27899,2.3213876445463066
2952,2,5247,2.3213876445463066
2953,2,34048,2.3213876445463066
2954,2,3564,2.308275862068965
2955,2,3784,2.308275862068965
2956,2,3797,2.308275862068965
2957,2,880,2.298159486476915
2958,2,188,2.2961019490254873
2959,2,2648,2.294942528735632
2960,2,1717,2.294942528735632
2961,2,3024,2.294942528735632
2962,2,2361,2.2892921222315668
2963,2,1966,2.283641715727502
2964,2,2349,2.283641715727502
2965,2,3521,2.283641715727502
2966,2,3981,2.283641715727502
2967,2,3946,2.283641715727502
2968,2,4005,2.283641715727502
2969,2,327,2.2708565072302553
2970,2,49822,2.267863490934945
2971,2,5106,2.267863490934945
2972,2,2950,2.2454333434067077
2973,2,432,2.191465739567353
2974,2,479,2.1740823136818683
2975,2,6639,2.172547270549015
2976,2,91104,2.1478063785008903
2977,2,54734,2.1478063785008903
2978,2,61250,2.1478063785008903
2979,2,1996,2.1060583780604367
2980,2,1499,2.1060583780604367
2981,2,2816,2.1060583780604367
2982,2,1389,2.1060583780604367
2983,2,1556,2.1060583780604367
2984,2,3697,2.1060583780604367
2985,2,3710,2.1060583780604367
2986,2,3768,2.1060583780604367
2987,2,2456,2.1060583780604367
2988,2,2817,2.1060583780604367
2989,2,303,2.1060583780604367
2990,2,3716,2.1060583780604367
2991,2,3877,2.1060583780604367
2992,2,3922,2.1060583780604367
2993,2,2818,2.1060583780604367
2994,2,1792,2.1060583780604367
2995,2,1831,2.1060583780604367
2996,2,938,2.0568029938519112
2997,2,1100,2.0384538017802765
2998,2,2468,2.0384538017802765
2999,2,6148,2.0237068965517238
3000,2,8727,2.0237068965517238
3001,2,114060,2.0
3002,2,998,1.9708492255001167
3003,2,2411,1.9708492255001167
3004,2,159,1.9708492255001167
3005,2,852,1.9708492255001167
3006,2,2088,1.9708492255001167
3007,2,1030,1.9708492255001167
3008,2,144,1.9708492255001167
3009,2,2471,1.9708492255001167
3010,2,1541,1.9708492255001167
3011,2,236,1.9708492255001167
3012,2,1581,1.9708492255001167
3013,2,1681,1.9482758620689653
3014,2,2183,1.9482758620689653
3015,2,2826,1.9251715300882473
3016,2,173,1.8489408023647704
3017,2,6347,1.847085385878489
3018,2,5323,1.847085385878489
3019,2,6349,1.847085385878489
3020,2,4876,1.847085385878489
3021,2,6055,1.847085385878489
3022,2,4,1.8430127041742286
3023,2,2431,1.8285950110051354
3024,2,2642,1.8285950110051354
3025,2,2338,1.8285950110051354
3026,2,4638,1.8285950110051354
3027,2,30818,1.8213876445463066
3028,2,5248,1.8213876445463066
3029,2,171867,1.7920258620689653
3030,2,3999,1.7728372655777376
3031,2,3238,1.6704980842911876
3032,2,3593,1.6584354365370504
3033,2,63992,1.6478063785008903
3034,2,50954,1.6478063785008903
3035,2,98203,1.6478063785008903
3036,2,720,1.5344827586206895
3037,2,54259,1.5293569431500464
3038,2,1381,1.5293569431500464
3039,2,6348,1.347085385878489
3040,2,4310,1.3285950110051354
3041,2,2720,1.3285950110051354
3042,2,5672,1.3285950110051354
3043,2,4254,1.3285950110051354
3044,2,424,1.294942528735632
3045,2,3993,1.283641715727502
3046,2,3566,1.1740823136818683
3047,2,2514,1.0293569431500464
3048,2,1550,0.9708492255001167
3049,2,1562,0.9708492255001167
3050,2,4344,0.7664576802507836
3051,2,86347,0.6482758620689655
3052,2,799,0.5237068965517238
3053,2,4794,0.5237068965517238
3054,2,2488,0.5237068965517238
3055,2,4517,0.5237068965517238
3056,2,5909,0.5237068965517238
3057,2,5105,0.5237068965517238
3058,2,6975,0.5237068965517238
3059,2,6967,0.5237068965517238
3060,2,4902,0.5237068965517238
3061,2,7650,0.5237068965517238
3062,2,7982,0.5237068965517238
3063,2,6140,0.5237068965517238
3064,2,8521,0.5237068965517238
3065,2,7114,0.5237068965517238
3066,2,7046,0.5237068965517238
3067,2,7373,0.5237068965517238
3068,2,7564,0.5237068965517238
3069,2,7742,0.5237068965517238
3070,2,7883,0.5237068965517238
3071,2,8035,0.5237068965517238
3072,2,7115,0.5237068965517238
3073,2,8482,0.5237068965517238
3074,2,8620,0.5237068965517238
3075,2,7318,0.32138764454630664
3076,2,31692,0.32138764454630664
