userId,movieId,rating
1,1,4.0
1,72737,3.1993057218099117
1,38038,3.1993057218099117
1,32031,3.1993057218099117
1,1566,3.1993057218099117
1,48982,3.1993057218099117
1,1907,3.1993057218099117
1,7147,3.1831670815201605
1,1704,3.162126121943746
1,76093,3.1548835139110256
1,78499,3.1548835139110256
1,53125,3.1548835139110256
1,115664,3.1993057218099117
1,99114,3.15463344950902
1,3752,3.1530015611116644
1,80549,3.139454153698827
1,93510,3.139454153698827
1,5810,3.1345824555201163
1,272,3.1345572072170116
1,903,3.1345572072170116
1,1962,3.1345572072170116
1,134130,3.1330341573020344
1,2431,3.1292381101764177
1,6550,3.1292381101764177
1,6662,3.1292381101764177
1,2485,3.153391580029204
1,2840,3.1292381101764177
1,84944,3.1993057218099117
1,31658,3.1993057218099117
1,920,3.302736712951879
1,3967,3.302736712951879
1,4018,3.302736712951879
1,1693,3.291374680682943
1,115713,3.28709396706165
1,262,3.281399426719034
1,45501,3.281399426719034
1,4880,3.281399426719034
1,48322,3.281399426719034
1,48385,3.281399426719034
1,5785,3.281399426719034
1,170939,3.1993057218099117
1,40614,3.281399426719034
1,86345,3.2592604822798084
1,46970,3.2592604822798084
1,48394,3.2502788278546197
1,7361,3.239683791974164
1,79132,3.224881329374017
1,49274,3.1993057218099117
1,6297,3.1993057218099117
1,364,3.1993057218099117
1,551,3.1993057218099117
1,166461,3.1993057218099117
1,162578,3.1993057218099117
1,109487,3.264641942544154
1,261,3.302736712951879
1,3178,3.1292381101764177
1,104245,3.1292381101764177
1,102445,3.111410300393169
1,51255,3.111410300393169
1,4270,3.111410300393169
1,8371,3.111410300393169
1,6378,3.111410300393169
1,33004,3.111410300393169
1,96610,3.111410300393169
1,8665,3.111410300393169
1,37386,3.111410300393169
1,8861,3.111410300393169
1,8972,3.111410300393169
1,6157,3.111410300393169
1,6934,3.111410300393169
1,5110,3.111410300393169
1,7163,3.111410300393169
1,7317,3.111410300393169
1,44199,3.111410300393169
1,7445,3.111410300393169
1,5419,3.111410300393169
1,81229,3.111410300393169
1,5459,3.111410300393169
1,56788,3.111410300393169
1,5903,3.111410300393169
1,4020,3.111410300393169
1,86880,3.111410300393169
1,3361,3.1292381101764177
1,3868,3.1142042734019633
1,1411,3.1142042734019633
1,1892,3.1292381101764177
1,122916,3.1259875508738326
1,127202,3.1259875508738326
1,164179,3.1259875508738326
1,119145,3.1259875508738326
1,115149,3.1259875508738326
1,94677,3.1259875508738326
1,55814,3.1259875508738326
1,55908,3.1259875508738326
1,90866,3.1259875508738326
1,105844,3.1259875508738326
1,3534,3.1142042734019633
1,97752,3.1259875508738326
1,1653,3.1259875508738326
1,51086,3.1259875508738326
1,112623,3.1259875508738326
1,59387,3.1259875508738326
1,4148,3.122889304970306
1,765,3.1214495104148816
1,51662,3.1142042734019633
1,6953,3.1142042734019633
1,35836,3.1142042734019633
1,7444,3.1142042734019633
1,1367,3.1142042734019633
1,56941,3.1259875508738326
1,3300,3.3055205914230017
1,4002,3.3145199904237495
1,3210,3.3145199904237495
1,3307,3.503052429973666
1,337,3.4917404836006702
1,1272,3.4917404836006702
1,3580,3.4917404836006702
1,3618,3.4917404836006702
1,3755,3.4917404836006702
1,3785,3.4917404836006702
1,2124,3.491269152501796
1,410,3.491269152501796
1,58803,3.491269152501796
1,59315,3.490038093330439
1,1703,3.50630298927625
1,4238,3.488475179493002
1,6537,3.488475179493002
1,4720,3.488475179493002
1,60074,3.488475179493002
1,33493,3.488475179493002
1,53996,3.488475179493002
1,37733,3.488475179493002
1,5026,3.488475179493002
1,5065,3.488475179493002
1,84954,3.488475179493002
1,54259,3.488475179493002
1,48304,3.488475179493002
1,6333,3.488475179493002
1,68791,3.488475179493002
1,3100,3.50630298927625
1,2423,3.50630298927625
1,36535,3.658464305818866
1,5952,3.6452602975479227
1,68157,3.6363253613796407
1,80489,3.6363253613796407
1,6942,3.6316422387555143
1,2490,3.6152741201819487
1,2683,3.6152741201819487
1,1961,3.6152741201819487
1,2324,3.6137864858231072
1,152081,3.576370600909744
1,783,3.576370600909744
1,43836,3.50630298927625
1,52287,3.576370600909744
1,3751,3.576370600909744
1,81847,3.576370600909744
1,60069,3.574586424802612
1,48516,3.559887571228589
1,8360,3.555203630199548
1,5349,3.5543267519386332
1,6874,3.5448151969092736
1,4886,3.536019508955027
1,81564,3.5278772770666897
1,116797,3.5165190327986595
1,86298,3.50630298927625
1,5444,3.576370600909744
1,5464,3.488475179493002
1,34150,3.488475179493002
1,5502,3.488475179493002
1,112852,3.3647693840942585
1,53121,3.3640573686766357
1,6377,3.3633594701081395
1,59784,3.3454515114330268
1,45722,3.3454515114330268
1,79091,3.3454515114330268
1,29,3.332570968678528
1,4217,3.332570968678528
1,55442,3.332570968678528
1,4642,3.332570968678528
1,6773,3.332570968678528
1,3298,3.368596165458614
1,714,3.332570968678528
1,926,3.332570968678528
1,955,3.332570968678528
1,58309,3.332570968678528
1,1212,3.332570968678528
1,44555,3.332570968678528
1,44633,3.332570968678528
1,6016,3.332570968678528
1,26524,3.332570968678528
1,2581,3.325613037402691
1,203,3.3145199904237495
1,3148,3.3145199904237495
1,66371,3.332570968678528
1,5218,3.377062237889336
1,1449,3.3873138046930227
1,830,3.3967788593447783
1,110102,3.488475179493002
1,5679,3.488475179493002
1,44665,3.488475179493002
1,48780,3.488475179493002
1,5956,3.488475179493002
1,3994,3.488475179493002
1,59369,3.488475179493002
1,1590,3.487848200977705
1,1639,3.487848200977705
1,3798,3.487848200977705
1,3863,3.487848200977705
1,66097,3.4597536944204945
1,122882,3.4456998619083814
1,515,3.442056640707516
1,538,3.442056640707516
1,1183,3.442056640707516
1,1446,3.442056640707516
1,1596,3.442056640707516
1,1694,3.442056640707516
1,1730,3.442056640707516
1,33615,3.438834356213034
1,4993,3.4346165200577654
1,7153,3.4346165200577654
1,6539,3.4216805240949157
1,48412,3.4041878580145633
1,4025,3.111410300393169
1,27904,3.658464305818866
1,122892,3.0905938500597
1,106782,3.083764144092264
1,344,2.360074515202298
1,3257,2.360074515202298
1,53953,2.359149440956257
1,19,2.3572805421935046
1,53519,2.3572805421935046
1,8528,2.3572805421935046
1,8640,2.3572805421935046
1,68237,2.3572805421935046
1,8874,2.3572805421935046
1,88744,2.3572805421935046
1,7346,2.3572805421935046
1,1970,2.3718577926741684
1,5313,2.3572805421935046
1,52722,2.3572805421935046
1,3825,2.3572805421935046
1,69481,2.3572805421935046
1,3997,2.3572805421935046
1,33679,2.272993220715066
1,87028,2.272993220715066
1,102007,2.271509881300826
1,4878,2.191342501562609
1,2369,2.1833253531242516
1,277,2.1715420756523818
1,2421,2.1715420756523818
1,5481,2.3572805421935046
1,1405,2.1715420756523818
1,50601,2.3718577926741684
1,3087,2.3751083519767526
1,3363,2.5784412104788634
1,3536,2.5784412104788634
1,4321,2.5603902322240844
1,2371,2.5603902322240844
1,1347,2.5603902322240844
1,3396,2.5603902322240844
1,2300,2.55506900579793
1,6534,2.5503403556936584
1,357,2.5486069547522145
1,1876,2.5486069547522145
1,3409,2.5277862208344537
1,96737,2.3718577926741684
1,77455,2.5051307240801437
1,2100,2.4670870638889677
1,3948,2.466124012449126
1,55768,2.4451759636102466
1,5989,2.4074477798608838
1,142056,2.385324395499162
1,2915,2.380427449017346
1,1302,2.380427449017346
1,2428,2.3751083519767526
1,8869,2.3751083519767526
1,745,2.3751083519767526
1,6951,2.3751083519767526
1,71535,2.5051307240801437
1,965,2.5784412104788634
1,60,2.150204789419537
1,3264,2.150204789419537
1,4226,1.7887931411249114
1,114060,1.7510009658804784
1,42734,1.6910462054105817
1,2455,1.6262976908176812
1,3101,1.6262976908176812
1,2226,1.518863462515401
1,70687,1.518863462515401
1,58998,1.518863462515401
1,2109,1.429195594924587
1,2136,1.3960750312198718
1,631,1.2439137146772554
1,916,1.8243114522791983
1,1203,1.2439137146772554
1,305,1.22545892637871
1,1358,1.179667366108521
1,1391,1.179667366108521
1,1519,1.179667366108521
1,1624,1.179667366108521
1,89386,1.1417985834155684
1,85334,1.1417985834155684
1,26095,1.1417985834155684
1,65350,1.1417985834155684
1,1760,1.0190101521200394
1,167296,0.5
1,1882,1.2288798779028007
1,6281,2.150204789419537
1,1711,1.9337971243081862
1,1414,1.9337971243081862
1,1895,2.150204789419537
1,3988,2.150204789419537
1,91658,2.128065844980311
1,2720,2.107014603782619
1,2724,2.107014603782619
1,3175,2.107014603782619
1,3268,2.107014603782619
1,134853,2.0730903830121994
1,48,2.0681110845104143
1,2346,1.9980434728769203
1,575,1.9980434728769203
1,1696,1.9337971243081862
1,3564,1.9834809672013407
1,3797,1.9834809672013407
1,3826,1.9834809672013407
1,6383,1.9830096361024658
1,70286,1.9802156630936718
1,68319,1.9802156630936718
1,8985,1.9802156630936718
1,46530,1.9802156630936718
1,54995,1.9802156630936718
1,5881,1.9802156630936718
1,3969,1.9802156630936718
1,2541,1.9795886845783748
1,3784,1.9834809672013407
1,55620,2.5784412104788634
1,880,2.6446634603493835
1,1683,2.6879268825078513
1,2297,2.904334547619202
1,8798,2.882195603179976
1,2392,2.861144361982284
1,2770,2.861144361982284
1,953,2.861144361982284
1,3174,2.861144361982284
1,81591,2.845479277373675
1,74458,2.834432342827748
1,30793,2.8222408427100794
1,588,2.8222408427100794
1,595,2.8222408427100794
1,2686,2.910762086814364
1,3114,2.8222408427100794
1,157296,2.8222408427100794
1,4975,2.7952994739694423
1,2144,2.7882930464712836
1,6158,2.7521732310765854
1,2134,2.7521732310765854
1,135,2.7521732310765854
1,7247,2.7521732310765854
1,3254,2.7521732310765854
1,63239,2.7521732310765854
1,4039,2.7521732310765854
1,114935,2.7489226717740003
1,167036,2.8222408427100794
1,103253,2.7489226717740003
1,7254,2.9110996335508847
1,2694,2.925671833852047
1,88140,3.0826655811271824
1,112552,3.0557761785228506
1,68954,3.0438533103790153
1,605,3.027122978914731
1,3882,3.027122978914731
1,91542,3.0256396395004903
1,106072,3.0256396395004903
1,118696,3.0256396395004903
1,56757,3.0156745068299786
1,3717,2.990018127273579
1,102125,2.972400705384562
1,5620,2.925671833852047
1,77561,2.972400705384562
1,2064,2.9555060895786958
1,2155,2.9555060895786958
1,6385,2.9555060895786958
1,6985,2.9555060895786958
1,1192,2.9555060895786958
1,3328,2.9555060895786958
1,5791,2.9555060895786958
1,55069,2.9555060895786958
1,54286,2.9476464109631495
1,91500,2.932722185168461
1,39,2.925671833852047
1,4973,2.9678067056333757
1,107406,2.7489226717740003
1,95207,2.7489226717740003
1,5418,2.7481772453836983
1,7454,2.734345421293337
1,5445,2.734345421293337
1,5463,2.734345421293337
1,79293,2.734345421293337
1,34319,2.734345421293337
1,36401,2.734345421293337
1,53000,2.734345421293337
1,5957,2.734345421293337
1,69526,2.734345421293337
1,6059,2.734345421293337
1,4015,2.734345421293337
1,5400,2.734345421293337
1,4036,2.734345421293337
1,597,2.7337184427780397
1,1173,2.7337184427780397
1,3513,2.7337184427780397
1,1619,2.7337184427780397
1,3893,2.7337184427780397
1,3952,2.7337184427780397
1,3977,2.7337184427780397
1,7438,2.7263037933246284
1,72998,2.690457990582373
1,1480,2.6879268825078513
1,1584,2.6879268825078513
1,2145,2.7337184427780397
1,34048,2.734345421293337
1,7367,2.734345421293337
1,5254,2.734345421293337
1,924,2.7376107254010056
1,3099,2.7376107254010056
1,3615,2.7376107254010056
1,3623,2.7376107254010056
1,3646,2.7376107254010056
1,502,2.737139394302131
1,2805,2.737139394302131
1,3991,2.737139394302131
1,49278,2.734345421293337
1,59615,2.734345421293337
1,4367,2.734345421293337
1,33162,2.734345421293337
1,4734,2.734345421293337
1,60040,2.734345421293337
1,94864,2.734345421293337
1,8865,2.734345421293337
1,60072,2.734345421293337
1,58025,2.734345421293337
1,4865,2.734345421293337
1,6957,2.734345421293337
1,4974,2.734345421293337
1,7162,2.734345421293337
1,74789,2.734345421293337
1,52281,2.734345421293337
1,27706,2.734345421293337
1,86332,3.0905938500597
1,48082,3.658464305818866
1,41569,2.7489226717740003
1,8957,3.658464305818866
1,2193,4.0
1,2253,2.0
1,2268,4.0
1,2273,4.0
1,2291,5.0
1,2329,5.0
1,2338,2.0
1,2353,5.0
1,2366,4.0
1,2387,5.0
1,2389,2.0
1,2174,4.0
1,2395,5.0
1,2414,3.0
1,2427,5.0
1,2450,4.0
1,2459,5.0
1,2470,5.0
1,2478,4.0
1,2492,4.0
1,2502,5.0
1,2528,3.0
1,2529,5.0
1,2542,5.0
1,2406,4.0
1,2571,5.0
1,2161,5.0
1,2141,5.0
1,1927,5.0
1,1954,5.0
1,1967,4.0
1,2000,4.0
1,2005,5.0
1,2012,4.0
1,2018,5.0
1,2028,4.0
1,2033,5.0
1,2046,4.0
1,2048,5.0
1,2143,4.0
1,2054,4.0
1,2078,5.0
1,2090,5.0
1,2093,3.0
1,2094,5.0
1,2096,4.0
1,2099,4.0
1,2105,4.0
1,2115,5.0
1,2116,5.0
1,2137,5.0
1,2139,5.0
1,2058,5.0
1,1920,4.0
1,2580,5.0
1,2616,4.0
1,3033,5.0
1,3034,5.0
1,3052,5.0
1,3053,5.0
1,3062,4.0
1,3147,5.0
1,3168,4.0
1,3176,1.0
1,3243,3.0
1,3247,3.0
1,3253,5.0
1,2997,4.0
1,3273,5.0
1,3439,4.0
1,3440,4.0
1,3441,5.0
1,3448,5.0
1,3450,5.0
1,3479,4.0
1,3489,4.0
1,3527,4.0
1,3578,5.0
1,3617,4.0
1,3639,4.0
1,3386,5.0
1,2596,5.0
1,2993,5.0
1,2987,5.0
1,2617,2.0
1,2628,4.0
1,2640,4.0
1,2641,5.0
1,2644,4.0
1,2648,4.0
1,2654,5.0
1,2657,3.0
1,2692,5.0
1,2700,5.0
1,2716,5.0
1,2991,5.0
1,2761,5.0
1,2826,4.0
1,2858,5.0
1,2872,5.0
1,2899,5.0
1,2916,4.0
1,2944,5.0
1,2947,5.0
1,2948,5.0
1,2949,5.0
1,2959,5.0
1,2985,4.0
1,2797,4.0
1,1805,4.0
1,1804,5.0
1,1793,4.0
1,527,5.0
1,543,4.0
1,552,4.0
1,553,5.0
1,590,4.0
1,592,4.0
1,593,4.0
1,596,5.0
1,608,5.0
1,648,3.0
1,661,5.0
1,500,3.0
1,673,3.0
1,736,3.0
1,780,3.0
1,804,4.0
1,919,5.0
1,923,5.0
1,940,5.0
1,943,4.0
1,954,5.0
1,1009,3.0
1,1023,5.0
1,1024,5.0
1,733,4.0
1,1025,5.0
1,480,4.0
1,441,4.0
1,4873,3.658464305818866
1,3,4.0
1,6,4.0
1,47,5.0
1,50,5.0
1,70,3.0
1,101,5.0
1,110,4.0
1,151,5.0
1,157,5.0
1,163,5.0
1,457,5.0
1,216,5.0
1,231,5.0
1,235,4.0
1,260,5.0
1,296,3.0
1,316,3.0
1,333,5.0
1,349,4.0
1,356,4.0
1,362,5.0
1,367,4.0
1,423,3.0
1,223,3.0
1,1029,5.0
1,1030,3.0
1,1031,5.0
1,1270,5.0
1,1275,5.0
1,1278,5.0
1,1282,5.0
1,1291,5.0
1,1298,5.0
1,1348,4.0
1,1377,3.0
1,1396,3.0
1,1408,3.0
1,1445,3.0
1,1265,4.0
1,1473,4.0
1,1517,5.0
1,1552,4.0
1,1573,5.0
1,1580,3.0
1,1617,5.0
1,1620,4.0
1,1625,5.0
1,1644,3.0
1,1676,3.0
1,1732,5.0
1,1777,4.0
1,1500,4.0
1,1258,3.0
1,1256,5.0
1,1240,5.0
1,1032,5.0
1,1042,4.0
1,1049,5.0
1,1060,4.0
1,1073,5.0
1,1080,5.0
1,1089,5.0
1,1090,4.0
1,1092,5.0
1,1097,5.0
1,1127,4.0
1,1136,5.0
1,1196,5.0
1,1197,5.0
1,1198,5.0
1,1206,5.0
1,1208,4.0
1,1210,5.0
1,1213,5.0
1,1214,4.0
1,1219,2.0
1,1220,5.0
1,1222,5.0
1,1224,5.0
1,1226,5.0
1,3671,5.0
1,3702,5.0
1,1587,5.0
1,3729,5.0
1,36517,3.8886869654166762
1,1947,3.8886869654166762
1,858,3.883367868376083
1,44022,3.883367868376083
1,1221,3.883367868376083
1,92259,3.8801173090734977
1,139385,3.8801173090734977
1,5816,3.8735227858466255
1,2085,3.8683340316016284
1,2688,3.8683340316016284
1,3499,3.8683340316016284
1,1276,3.8886869654166762
1,82459,3.865540058592835
1,109374,3.865540058592835
1,5013,3.865540058592835
1,115617,3.865540058592835
1,7090,3.865540058592835
1,63113,3.865540058592835
1,61240,3.865540058592835
1,55118,3.865540058592835
1,4027,3.865540058592835
1,3827,3.853414450781089
1,3753,3.8521515907032327
1,122904,3.8352194353478106
1,68358,3.865540058592835
1,8368,3.8201669594054897
1,3039,3.8886869654166762
1,2763,3.8886869654166762
1,70599,4.158317616214228
1,54272,4.0686497486234146
1,30810,4.035529184918699
1,4979,4.035529184918699
1,46578,4.035529184918699
1,47610,4.013394753798934
1,131724,4.013390240479473
1,80906,4.013390240479473
1,60756,4.013390240479473
1,89774,4.013390240479473
1,7293,4.013215495093286
1,910,3.8886869654166762
1,8636,3.974383528848456
1,122918,3.9534354800095763
1,239,3.9534354800095763
1,4366,3.9534354800095763
1,4016,3.9534354800095763
1,1357,3.937993995479446
1,8961,3.9352808479011125
1,33794,3.9231187868013357
1,3897,3.922526715993173
1,8533,3.91905960413297
1,37729,3.913084388054859
1,1721,3.9083158491507763
1,5378,3.974383528848456
1,54001,3.8201669594054897
1,1193,3.802139346081457
1,3996,3.7930396428513653
1,1734,3.709635847778361
1,26366,3.709635847778361
1,5902,3.709635847778361
1,5991,3.709635847778361
1,2352,3.691584869523582
1,3105,3.691584869523582
1,95510,3.6901543573186775
1,50872,3.6850632133496095
1,318,3.684563786264246
1,2072,3.679801592051712
1,168,3.679801592051712
1,1271,3.709635847778361
1,222,3.679801592051712
1,63992,3.679801592051712
1,2717,3.679801592051712
1,838,3.679801592051712
1,3668,3.679801592051712
1,40629,3.679801592051712
1,4306,3.6767668284663557
1,69844,3.6762465699355227
1,89745,3.6743342697936243
1,1747,3.6585470814863443
1,3703,5.0
1,293,3.658464305818866
1,256,3.679801592051712
1,1225,3.709635847778361
1,3083,3.709635847778361
1,7099,3.709635847778361
1,91529,3.788822540224513
1,88163,3.781252737114396
1,4308,3.781252737114396
1,2396,3.781252737114396
1,66203,3.781252737114396
1,902,3.781252737114396
1,3081,3.781252737114396
1,7255,3.781252737114396
1,52328,3.781252737114396
1,56715,3.781252737114396
1,36525,3.781252737114396
1,71579,3.781252737114396
1,49130,3.781252737114396
1,88125,3.7797693977001554
1,4896,3.7797693977001554
1,40815,3.7797693977001554
1,81834,3.7797693977001554
1,106489,3.7764200552873506
1,58559,3.7713098270582073
1,1635,3.7507533548254988
1,3624,3.7441478854732435
1,98809,3.7306586224211955
1,2572,3.7305271645830542
1,446,3.709635847778361
1,2599,3.709635847778361
1,69757,4.158317616214228
1,1719,4.196186398907181
1,3686,3.8683340316016284
1,1641,4.196186398907181
1,785,4.369403878381614
1,55052,4.53538249531406
1,42728,4.53538249531406
1,5066,4.53538249531406
1,34405,4.619669816792499
1,4223,4.619669816792499
1,122886,4.619669816792499
1,30803,4.622463789801293
1,5882,4.33050035910941
1,32,4.622463789801293
1,913,4.642816723616341
1,3567,5.0
1,3793,5.0
1,3809,4.0
1,4006,4.0
1,5060,5.0
1,3740,4.0
1,1643,4.196186398907181
1,55276,4.642816723616341
1,78637,4.260432747475916
1,60684,4.619669816792499
1,103335,4.260432747475916
1,1207,4.196186398907181
1,1185,4.196186398907181
1,1140,4.196186398907181
1,314,4.196186398907181
1,95105,4.260432747475916
1,1633,4.196186398907181
1,53,4.196186398907181
1,4011,4.24197795917737
1,96079,4.2426049376926676
1,3744,4.0
1,66934,4.2426049376926676
1,87232,4.2426049376926676
1,5152,4.2426049376926676
1,49272,4.2426049376926676
1,3719,4.2458702418003345
1,3616,4.2458702418003345
1,62999,4.260432747475916
1,3555,4.2426049376926676
1,1237,4.196186398907181
2,3499,2.937931165957919
2,160,2.9047429578044714
2,2763,2.9270901459947987
2,4238,2.894751349223157
2,1690,2.929525608309771
2,234,2.946533061372004
2,688,2.946533061372004
2,327,2.946533061372004
2,248,2.946533061372004
2,177,2.946533061372004
2,132,2.946533061372004
2,122,2.946533061372004
2,303,2.894751349223157
2,2947,2.937931165957919
2,5065,2.894751349223157
2,1777,2.8924897649149006
2,5874,2.894751349223157
2,3977,2.8919301515816294
2,2628,2.957960571282
2,1614,2.8924897649149006
2,357,2.8939229113638723
2,6750,2.894751349223157
2,6593,2.894751349223157
2,5093,2.894751349223157
2,6534,2.894751349223157
2,2380,2.894751349223157
2,6383,2.894751349223157
2,6266,2.894751349223157
2,2004,2.894751349223157
2,6006,2.894751349223157
2,1801,2.894751349223157
2,6503,2.894751349223157
2,4025,2.9603303469961686
2,44555,2.981291211464866
2,2353,2.961410708662041
2,7087,2.981291211464866
2,6870,2.981291211464866
2,6852,2.981291211464866
2,47629,2.981291211464866
2,6552,2.981291211464866
2,51540,2.981291211464866
2,47423,2.981291211464866
2,6305,2.981291211464866
2,6301,2.981291211464866
2,6244,2.981291211464866
2,55363,2.981291211464866
2,55290,2.981291211464866
2,30707,2.981291211464866
2,2010,2.981291211464866
2,26578,2.981291211464866
2,1952,2.981291211464866
2,46976,2.981291211464866
2,3006,2.981291211464866
2,597,2.9611790673777665
2,3019,2.981291211464866
2,3246,2.981291211464866
2,2058,2.961410708662041
2,2355,2.9621523643503394
2,2410,2.9628119853461867
2,1372,2.9628119853461867
2,5459,2.9628119853461867
2,1092,2.9628119853461867
2,6,2.9628119853461867
2,2273,2.969845835584449
2,1645,2.969845835584449
2,44937,2.981291211464866
2,57147,2.981291211464866
2,7889,2.981291211464866
2,3730,2.981291211464866
2,48774,2.981291211464866
2,39,2.890043450914246
2,56757,2.981291211464866
2,3424,2.981291211464866
2,3201,2.981291211464866
2,231,2.883833821209221
2,5254,2.729461361822255
2,105,2.883112967874278
2,351,2.8213618242054395
2,5299,2.8121063555227055
2,4022,2.8121063555227055
2,671,2.811622936890079
2,1960,2.8091691786139634
2,1717,2.8073422251976208
2,266,2.8057094846021458
2,1947,2.828275753908527
2,153,2.802098432759187
2,158,2.7934807197434153
2,1517,2.793172206673274
2,44,2.7917901035675325
2,93,2.7917901035675325
2,227,2.7917901035675325
2,173,2.7810636292238886
2,435,2.7810636292238886
2,4447,2.7962071080295967
2,539,2.780752170574738
2,5679,2.82905518842745
2,317,2.8325891132385044
2,196,2.8655612731047984
2,3052,2.8647055484012647
2,33004,2.8629528542369393
2,33493,2.8629528542369393
2,1136,2.8629528542369393
2,34048,2.8629528542369393
2,6001,2.981291211464866
2,4886,2.82905518842745
2,30793,2.8629528542369393
2,6502,2.8629528542369393
2,6934,2.8629528542369393
2,7458,2.8629528542369393
2,1721,2.853560349080462
2,163,2.8469390913028314
2,1682,2.841723199687154
2,3863,2.8340103884014374
2,2139,2.8629528542369393
2,4,2.883112967874278
2,410,2.7748339127677273
2,273,2.766999398565357
2,5110,2.729461361822255
2,1030,2.729461361822255
2,1031,2.729461361822255
2,1547,2.729461361822255
2,1848,2.729461361822255
2,2090,2.729461361822255
2,2092,2.729461361822255
2,1010,2.729461361822255
2,3157,2.729461361822255
2,3512,2.729461361822255
2,420,2.866260115182863
2,540,2.883112967874278
2,524,2.883112967874278
2,508,2.883112967874278
2,455,2.883112967874278
2,448,2.883112967874278
2,3510,2.729461361822255
2,586,2.7707023976699565
2,4865,2.729461361822255
2,4641,2.729461361822255
2,5219,2.765899247493109
2,11,2.759610680536602
2,259,2.759610680536602
2,343,2.759610680536602
2,532,2.759610680536602
2,542,2.759610680536602
2,785,2.755872906392712
2,709,2.729461361822255
2,2337,2.755872906392712
2,2433,2.755872906392712
2,2722,2.755872906392712
2,3179,2.755872906392712
2,1047,2.7494523025694537
2,370,2.7469041053235617
2,383,2.736600514114547
2,316,2.7307782374986327
2,2390,2.755872906392712
2,55069,2.981291211464866
2,5293,3.1232868375284113
2,5812,2.981291211464866
2,339,3.271371133441292
2,3745,3.2635845542480966
2,45186,3.2567783299430952
2,8644,3.2567783299430952
2,8665,3.2567783299430952
2,41566,3.2567783299430952
2,45722,3.2567783299430952
2,8874,3.2567783299430952
2,4161,3.1232868375284113
2,4963,3.2567783299430952
2,5159,3.2567783299430952
2,2105,3.2567783299430952
2,31658,3.2567783299430952
2,35836,3.2567783299430952
2,7438,3.2567783299430952
2,6863,3.272677577436205
2,1544,3.272677577436205
2,3994,3.273992467351892
2,2161,3.273992467351892
2,4776,3.1232868375284113
2,4720,3.1232868375284113
2,4519,3.1232868375284113
2,4378,3.1232868375284113
2,4299,3.1232868375284113
2,3565,2.729461361822255
2,6958,3.288576824929313
2,3421,3.2567783299430952
2,7142,3.288576824929313
2,3253,3.288576824929313
2,3452,3.288576824929313
2,3617,3.288576824929313
2,4085,3.288576824929313
2,3176,3.2857742715610216
2,480,3.2832337423940756
2,1032,3.273992467351892
2,7154,3.288576824929313
2,40815,3.2567783299430952
2,40819,3.2567783299430952
2,1923,3.252151123733963
2,4446,3.1900325837357535
2,5378,3.1900325837357535
2,25,3.185148391299963
2,1214,3.174645514244761
2,1370,3.159724723199265
2,1748,3.159724723199265
2,2005,3.158358360232861
2,4308,3.1900325837357535
2,434,3.157380612872678
2,34,3.154117960604941
2,1036,3.13931215772019
2,6365,3.1369792629802413
2,2,3.134023655736608
2,2706,3.132676918132668
2,575,3.131356695934289
2,500,3.1233972476311247
2,3793,3.1571958906697697
2,4783,3.1232868375284113
2,6537,3.1920759254472086
2,1747,3.1948914694749853
2,2687,3.25051292464777
2,5013,3.249201762349717
2,174,3.246897346660459
2,225,3.246897346660459
2,277,3.246897346660459
2,355,3.246897346660459
2,3037,3.2355486753933107
2,1821,3.1948914694749853
2,2580,3.2353070018999124
2,3555,3.224019339120596
2,552,3.216022868980211
2,7,3.2151872999115962
2,4226,3.2121350484155053
2,4344,3.205931831228862
2,95,3.2004014395926426
2,1515,3.1948914694749853
2,253,3.226018996835667
2,5867,2.981291211464866
2,4901,3.1232868375284113
2,1015,3.1232868375284113
2,5418,2.993119845882675
2,6953,2.994054844121324
2,5669,2.994054844121324
2,832,2.994054844121324
2,208,2.9954412664057704
2,4370,3.0057041044115227
2,2396,3.0057661985358766
2,1391,3.007393078765095
2,4718,3.0090190933757834
2,10,3.0237903054653255
2,1127,3.025107450930414
2,1676,3.029572315060381
2,1258,3.030872621469217
2,4792,3.030872621469217
2,3354,3.0465953858433963
2,2490,2.9905132924389415
2,648,2.987886686007738
2,4103,2.981291211464866
2,8207,2.981291211464866
2,5791,2.981291211464866
2,5632,2.981291211464866
2,1348,2.981291211464866
2,1247,2.981291211464866
2,5341,2.981291211464866
2,1217,2.981291211464866
2,5304,2.981291211464866
2,1387,3.0488279445785915
2,1209,2.981291211464866
2,1185,2.981291211464866
2,50274,2.981291211464866
2,949,2.981291211464866
2,58103,2.981291211464866
2,8951,2.981291211464866
2,49772,2.981291211464866
2,4211,2.981291211464866
2,5300,2.981291211464866
2,1527,3.0547478742553738
2,3893,3.055713831256692
2,4148,3.055713831256692
2,442,3.104854666003323
2,733,3.1123069822431964
2,6711,3.1190347707039807
2,39183,3.1190347707039807
2,3624,3.1190830598907158
2,3988,3.1232868375284113
2,3483,3.1232868375284113
2,3300,3.101920939286288
2,3189,3.1232868375284113
2,6358,3.1232868375284113
2,2059,3.1232868375284113
2,2048,3.1232868375284113
2,1919,3.1232868375284113
2,5630,3.1232868375284113
2,1333,3.1232868375284113
2,1018,3.1232868375284113
2,2565,3.1232868375284113
2,986,3.1232868375284113
2,368,3.1011209941531677
2,8622,3.0933583390194914
2,1356,3.0607625031112944
2,1485,3.061000385905878
2,2174,3.065038697077836
2,2841,3.0668059590799213
2,2916,3.067385804773798
2,349,3.06745591103935
2,432,3.069748817746861
2,4326,3.0933583390194914
2,454,3.0701237095997347
2,3438,3.077079729498814
2,2140,3.077079729498814
2,837,3.077079729498814
2,592,3.0809721081351844
2,377,3.0893108712333537
2,60,3.092154388855988
2,2728,3.0933583390194914
2,292,3.0720086747406055
2,3972,2.729461361822255
2,798,1.8493961943507478
2,141,2.7154517599196644
2,1970,1.8493961943507478
2,1969,1.8493961943507478
2,1962,1.8493961943507478
2,1920,1.8493961943507478
2,1909,1.8493961943507478
2,1882,1.8493961943507478
2,1831,1.8493961943507478
2,1616,1.8493961943507478
2,1603,1.8493961943507478
2,1597,1.8493961943507478
2,1586,1.8493961943507478
2,1584,1.8493961943507478
2,1499,1.8493961943507478
2,1488,1.8493961943507478
2,1438,1.8493961943507478
2,1971,1.8493961943507478
2,1972,1.8493961943507478
2,1974,1.8493961943507478
2,1975,1.8493961943507478
2,2412,1.8493961943507478
2,2411,1.8493961943507478
2,2408,1.8493961943507478
2,2404,1.8493961943507478
2,2402,1.8493961943507478
2,2364,1.8493961943507478
2,2363,1.8493961943507478
2,1385,1.8493961943507478
2,2334,1.8493961943507478
2,6322,1.8493961943507478
2,6319,1.8493961943507478
2,2162,1.8493961943507478
2,2088,1.8493961943507478
2,2051,1.8493961943507478
2,1981,1.8493961943507478
2,1976,1.8493961943507478
2,2253,1.8493961943507478
2,2422,1.8493961943507478
2,1382,1.8493961943507478
2,1374,1.8493961943507478
2,5171,1.9418104104099416
2,1021,1.9418104104099416
2,4449,1.9418104104099416
2,2006,1.9661023341905113
2,5349,1.9661023341905113
2,2598,1.9682219549803992
2,358,1.9682219549803992
2,236,1.971959729124289
2,193,1.9841940560705846
2,673,1.9944176944666172
2,338,2.0041391521552194
2,5507,2.0244554041103924
2,1367,2.0244554041103924
2,2053,2.029861987280171
2,49649,2.0753019028246262
2,5463,1.9418104104099416
2,2430,1.9418104104099416
2,3999,1.9418104104099416
2,1587,1.9233987810989126
2,1321,1.8493961943507478
2,1163,1.8493961943507478
2,1100,1.8493961943507478
2,1034,1.8493961943507478
2,1011,1.8493961943507478
2,990,1.8493961943507478
2,786,1.8493961943507478
2,1376,1.8493961943507478
2,628,1.8493961943507478
2,258,1.8493961943507478
2,4228,1.8493961943507478
2,126,1.8493961943507478
2,22,1.8493961943507478
2,3986,1.8956033023803447
2,3409,1.899078613925696
2,3005,1.9088090746655737
2,366,1.8493961943507478
2,2428,1.8493961943507478
2,2471,1.8493961943507478
2,2530,1.8493961943507478
2,2027,1.8024371089425033
2,5893,1.7998147843463967
2,2420,1.7998147843463967
2,52281,1.7998147843463967
2,3101,1.7456137188763294
2,1556,1.713274922104687
2,6566,1.713274922104687
2,6946,1.713274922104687
2,3633,1.7104723687363952
2,3635,1.7104723687363952
2,5419,1.630629928404236
2,2384,1.6236251274529407
2,181,1.6103136764490629
2,204,1.6103136764490629
2,4366,1.5479849347037853
2,112,1.8024371089425033
2,4270,1.8275426662573142
2,3864,1.8493961943507478
2,3826,1.8493961943507478
2,2789,1.8493961943507478
2,2806,1.8493961943507478
2,2808,1.8493961943507478
2,2818,1.8493961943507478
2,2827,1.8493961943507478
2,2953,1.8493961943507478
2,3067,1.8493961943507478
2,4848,1.5479849347037853
2,3082,1.8493961943507478
2,3238,1.8493961943507478
2,3269,1.8493961943507478
2,3440,1.8493961943507478
2,3572,1.8493961943507478
2,3608,1.8493961943507478
2,3649,1.8493961943507478
2,3701,1.8493961943507478
2,3087,1.8493961943507478
2,6166,1.5479849347037853
2,3536,1.5479849347037853
2,784,1.5130474744497349
2,2772,1.0147861575301902
2,306,0.9228214173240823
2,3033,0.9228214173240823
2,4232,0.7603339832914722
2,4821,0.7603339832914722
2,5313,0.7603339832914722
2,5504,0.7603339832914722
2,1241,1.0147861575301902
2,3990,0.7603339832914722
2,6949,3.288576824929313
2,2771,1.8493961943507478
2,2643,1.8493961943507478
2,2642,1.8493961943507478
2,2533,1.8493961943507478
2,2532,1.8493961943507478
2,2531,1.8493961943507478
2,1358,0.5
2,4643,2.0925160402334226
2,305,1.111427662513383
2,4734,1.1541594589976287
2,4638,1.5017778266741881
2,4887,1.4555707186445912
2,1620,1.4555707186445912
2,2252,1.4555707186445912
2,3825,1.4555707186445912
2,172,1.3712311585473775
2,255,1.3712311585473775
2,3535,1.1541594589976287
2,348,1.3712311585473775
2,585,1.3712311585473775
2,611,1.3712311585473775
2,186,1.3517882431701729
2,1357,1.3517882431701729
2,2393,1.3517882431701729
2,2492,1.180571003568086
2,3394,1.180571003568086
2,437,1.3712311585473775
2,5094,2.1071003978108434
2,4255,2.1071003978108434
2,1562,2.11859636525594
2,2583,2.637047145763061
2,2470,2.637047145763061
2,2456,2.637047145763061
2,2446,2.637047145763061
2,2405,2.637047145763061
2,2367,2.637047145763061
2,6250,2.637047145763061
2,2094,2.637047145763061
2,2020,2.637047145763061
2,1973,2.637047145763061
2,1674,2.637047145763061
2,1591,2.637047145763061
2,1375,2.637047145763061
2,1373,2.637047145763061
2,1371,2.637047145763061
2,2641,2.637047145763061
2,2918,2.637047145763061
2,2977,2.637047145763061
2,3257,2.637047145763061
2,50068,2.58746573575871
2,37741,2.58746573575871
2,58154,2.58746573575871
2,4427,2.58746573575871
2,8341,2.58746573575871
2,8340,2.58746573575871
2,3273,2.588776898056763
2,1225,2.637047145763061
2,2995,2.5900880603548164
2,239,2.5970858679454865
2,3264,2.6135676030589385
2,4369,2.615193617669627
2,300,2.63326943937573
2,3877,2.637047145763061
2,3450,2.637047145763061
2,3439,2.637047145763061
2,2719,2.5900880603548164
2,1037,2.637047145763061
2,991,2.637047145763061
2,4866,2.637047145763061
2,519,2.698328913149832
2,374,2.698328913149832
2,217,2.698328913149832
2,79,2.698328913149832
2,1961,2.699532863313335
2,5377,2.699532863313335
2,1246,2.699532863313335
2,265,2.693659045848968
2,2948,2.7027754764305096
2,2617,2.7128369792908225
2,3618,2.7154517599196644
2,3287,2.7154517599196644
2,2880,2.7154517599196644
2,2195,2.7154517599196644
2,1516,2.7154517599196644
2,1302,2.7154517599196644
2,2683,2.7048211243649964
2,34437,2.58746573575871
2,515,2.693659045848968
2,1173,2.686729565338009
2,4343,2.637047145763061
2,242,2.637047145763061
2,3744,2.64861299841964
2,1573,2.660922398549217
2,185,2.66264882794389
2,344,2.6631492364361113
2,2021,2.666041106716236
2,534,2.693659045848968
2,1393,2.6682900045381985
2,3752,2.6729804833737645
2,2723,2.6729804833737645
2,780,2.6838069784222522
2,3952,2.686729565338009
2,3513,2.686729565338009
2,2145,2.686729565338009
2,1619,2.686729565338009
2,1265,2.6682900045381985
2,2427,2.7180751173708924
2,1673,2.58746573575871
2,30749,2.58746573575871
2,1722,2.328699358078558
2,4054,2.335635886116098
2,3882,2.335635886116098
2,3784,2.335635886116098
2,2116,2.335635886116098
2,801,2.335635886116098
2,4846,2.335635886116098
2,2054,2.3456720659822228
2,307,2.3458817901006306
2,380,2.349704383320133
2,8,2.350710545473272
2,1876,2.359927809896668
2,3623,2.382191647781468
2,1968,2.395376831372145
2,315,2.397964627861376
2,2541,2.327475760159204
2,19,2.31795899657833
2,2694,2.279155007667608
2,3702,2.2432216700569043
2,2701,2.1220987657315877
2,416,2.1588821099596904
2,328,2.1588821099596904
2,485,2.1592617864407653
2,293,2.1697347259424795
2,5481,2.172679395583856
2,2340,2.1737597572497283
2,1837,2.407240518062672
2,7387,2.193640260052553
2,2243,2.193640260052553
2,37733,2.193640260052553
2,736,2.2051233862843422
2,4023,2.210327780209594
2,4367,2.2286526513279488
2,2100,2.237537540349292
2,3981,2.2432216700569043
2,7158,2.193640260052553
2,1835,2.407240518062672
2,1805,2.407240518062672
2,1726,2.407240518062672
2,1917,2.5527354310966346
2,329,2.554236962198442
2,3256,2.5675852329558846
2,3638,2.5689865096400304
2,1552,2.5689865096400304
2,8183,2.58746573575871
2,40629,2.58746573575871
2,3418,2.5453654464762563
2,3481,2.58746573575871
2,3271,2.58746573575871
2,27721,2.58746573575871
2,2966,2.58746573575871
2,6858,2.58746573575871
2,2644,2.58746573575871
2,55814,2.58746573575871
2,6440,2.58746573575871
2,7419,2.58746573575871
2,55253,2.58746573575871
2,4878,2.528296557144746
2,5106,2.500925873517
2,1377,2.4139654720355574
2,2688,2.41665486520586
2,6157,2.4182808798165487
2,2770,2.4471743126686176
2,413,2.4592463952481465
2,788,2.4615177863732787
2,33615,2.4691273785307826
2,4386,2.500925873517
2,2167,2.4696388401875438
2,2944,2.498123320148708
2,1220,2.498123320148708
2,299,2.498123320148708
2,3861,2.500925873517
2,6550,2.500925873517
2,2383,2.500925873517
2,2381,2.500925873517
2,3819,2.498123320148708
2,6888,3.288576824929313
2,653,2.9592463372557094
2,6879,3.288576824929313
2,594,3.9422147811248416
2,2716,3.9430993764553492
2,2012,3.9473756746115782
2,2011,3.9473756746115782
2,6591,3.9541001672988902
2,475,3.9729708006608595
2,3034,3.924630214392554
2,198,3.9732665306860016
2,1784,3.982542420887298
2,1588,3.982542420887298
2,596,3.98487735453773
2,5218,3.993582782641175
2,3527,3.9989893658109543
2,1028,4.001432042653406
2,1380,3.9776835351480666
2,3159,3.924143561225953
2,48,3.911011395675867
2,914,3.910937788940725
2,47,3.8793038691491044
2,2890,3.87958518938126
2,260,3.881212175392861
2,4016,3.910937788940725
2,3967,3.910937788940725
2,3755,3.910937788940725
2,2761,3.910937788940725
2,2746,3.910937788940725
2,2141,3.910937788940725
2,2137,3.910937788940725
2,2089,3.910937788940725
2,5989,3.910937788940725
2,1688,3.910937788940725
2,1282,3.910937788940725
2,1088,3.910937788940725
2,58,4.018951555775386
2,1222,3.878172447236741
2,3785,4.0200471041342
2,2300,4.0368527137620305
2,6764,4.076227776341626
2,6564,4.076227776341626
2,6548,4.076227776341626
2,2001,4.076227776341626
2,32,4.080834424297921
2,551,4.083765442006294
2,4015,4.076227776341626
2,2997,4.104155340227402
2,111,4.159173011815717
2,3671,4.165389963179442
2,3508,4.165389963179442
2,2921,4.165389963179442
2,2792,4.165389963179442
2,2423,4.165389963179442
2,54286,4.108566573113269
2,272,4.073425222973335
2,1188,4.073425222973335
2,1296,4.073425222973335
2,1566,4.038163876060084
2,1907,4.040252344491858
2,3556,4.044429281355408
2,7143,4.044429281355408
2,1197,4.044429281355408
2,33679,4.044429281355408
2,2710,4.046679169509746
2,7153,4.053503849179132
2,1240,4.05445623160045
2,2087,4.061643418764205
2,2078,4.061643418764205
2,50,4.065828023201147
2,3060,4.073425222973335
2,2289,4.073425222973335
2,1942,4.073425222973335
2,23,4.034548298072772
2,1379,4.165389963179442
2,1061,3.870020856399825
2,4306,3.867460446848988
2,55444,3.7689421628771793
2,6270,3.7689421628771793
2,2160,3.7689421628771793
2,6235,3.7689421628771793
2,2076,3.7689421628771793
2,55276,3.7689421628771793
2,6666,3.7689421628771793
2,6016,3.7689421628771793
2,1889,3.7689421628771793
2,55118,3.7689421628771793
2,5890,3.7689421628771793
2,26350,3.7689421628771793
2,46578,3.7689421628771793
2,1263,3.7689421628771793
2,5995,3.7689421628771793
2,6787,3.7689421628771793
2,6791,3.7689421628771793
2,31522,3.7689421628771793
2,2791,3.734563689265392
2,1221,3.7373669459153396
2,3996,3.755718117223576
2,1210,3.759018073829805
2,1293,3.766632335144322
2,1275,3.766632335144322
2,8154,3.7689421628771793
2,3949,3.7689421628771793
2,48698,3.7689421628771793
2,3307,3.7689421628771793
2,7323,3.7689421628771793
2,27773,3.7689421628771793
2,7234,3.7689421628771793
2,3089,3.7689421628771793
2,6993,3.7689421628771793
2,1252,3.7689421628771793
2,6539,3.8692802908075605
2,1230,3.7689421628771793
2,1206,3.7689421628771793
2,5618,3.8141836283405937
2,1845,3.8185235728815305
2,1107,3.8185235728815305
2,608,3.8208670695753817
2,364,3.8268555042212054
2,1198,3.8332918765757205
2,2325,3.795044030177409
2,858,3.8358233148418788
2,919,3.8412511382070056
2,3147,3.8497664316566684
2,2329,3.8497664316566684
2,3751,3.8595937957016804
2,527,3.8637714957081393
2,2657,3.864730680911127
2,2959,3.83688283790238
2,903,3.793732867879354
2,4034,3.793732867879354
2,4440,3.7856296830342195
2,1103,3.7689421628771793
2,1041,3.7689421628771793
2,41997,3.7689421628771793
2,926,3.7689421628771793
2,923,3.7689421628771793
2,8838,3.7689421628771793
2,8804,3.7689421628771793
2,308,3.7689421628771793
2,194,3.7689421628771793
2,509,3.775886604859198
2,1079,3.7803045188494915
2,6377,3.7817057955336377
2,3654,3.7856296830342195
2,3639,3.7856296830342195
2,3404,3.7856296830342195
2,1212,3.7689421628771793
2,3698,3.734563689265392
2,1266,4.165389963179442
2,5991,4.19778002985873
2,2324,5.0
2,2314,5.0
2,2118,5.0
2,2023,5.0
2,1997,5.0
2,5992,5.0
2,2387,5.0
2,1734,5.0
2,1653,5.0
2,1627,5.0
2,1483,5.0
2,1411,5.0
2,1320,5.0
2,1277,5.0
2,1713,5.0
2,2769,5.0
2,2840,5.0
2,3213,5.0
2,15,4.521834964196629
2,4011,4.588141172327353
2,4735,4.606174524293843
2,353,4.760917482098315
2,3275,4.896217524525581
2,27831,4.896217524525581
2,2542,4.896217524525581
2,4055,5.0
2,4033,5.0
2,4021,5.0
2,3910,5.0
2,3858,5.0
2,3697,5.0
2,3683,5.0
2,3328,5.0
2,1199,5.0
2,16,4.521834964196629
2,1186,5.0
2,1019,5.0
2,74458,4.0
2,71535,3.0
2,68157,4.5
2,60756,5.0
2,58559,4.5
2,48516,4.0
2,77455,3.0
2,46970,4.0
2,6874,4.0
2,3578,4.0
2,1704,4.5
2,333,4.0
2,318,3.0
2,6886,3.288576824929313
2,8798,3.5
2,79132,4.0
2,80489,4.5
2,86345,4.0
2,924,5.0
2,4450,5.0
2,4381,5.0
2,85,5.0
2,131724,5.0
2,122882,5.0
2,115713,3.5
2,114060,2.0
2,112552,4.0
2,109487,3.0
2,106782,5.0
2,99114,3.5
2,91658,2.5
2,91529,3.5
2,89774,5.0
2,1090,5.0
2,487,4.165389963179442
2,62,4.521834964196629
2,188,4.521834964196629
2,1175,4.212349048587686
2,904,4.212349048587686
2,849,4.212349048587686
2,839,4.212349048587686
2,748,4.212349048587686
2,718,4.212349048587686
2,1183,4.212349048587686
2,76,4.212349048587686
2,1590,4.237190258375162
2,778,4.243591907362825
2,2018,4.258556156617283
2,2081,4.263982359790844
2,290,4.268960948673595
2,247,4.268960948673595
2,2804,4.2350766139131615
2,1213,4.212349048587686
2,1242,4.212349048587686
2,1288,4.212349048587686
2,3868,4.212349048587686
2,3704,4.212349048587686
2,3616,4.212349048587686
2,3593,4.212349048587686
2,3386,4.212349048587686
2,3357,4.212349048587686
2,3355,4.212349048587686
2,2985,4.212349048587686
2,2717,4.212349048587686
2,2455,4.212349048587686
2,2003,4.212349048587686
2,1994,4.212349048587686
2,1678,4.212349048587686
2,1446,4.212349048587686
2,1307,4.212349048587686
2,33166,4.273410665087416
2,151,4.521834964196629
2,8360,4.27483476613796
2,4039,4.304763264646882
2,1093,4.331174809217337
2,1270,4.341201150317735
2,3083,4.384471081438589
2,1059,4.440504645215903
2,1022,4.4554688944703615
2,282,4.490124917447766
2,1719,4.331174809217337
2,44665,4.5023920488194245
2,431,4.521834964196629
2,280,4.521834964196629
2,252,4.521834964196629
2,216,4.521834964196629
2,207,4.521834964196629
2,195,4.521834964196629
2,468,4.521834964196629
2,2318,4.331174809217337
2,2395,4.331174809217337
2,2599,4.331174809217337
2,3549,4.304763264646882
2,3398,4.304763264646882
2,3397,4.304763264646882
2,3396,4.304763264646882
2,2709,4.304763264646882
2,6345,4.304763264646882
2,2135,4.304763264646882
2,2083,4.304763264646882
2,1148,4.304763264646882
2,1025,4.304763264646882
2,4995,4.304763264646882
2,720,4.304763264646882
2,1208,4.311444042018874
2,3174,4.331174809217337
2,2712,4.331174809217337
2,2879,4.29075366274429
2,235,3.7341840127843167
2,80906,5.0
2,274,3.7341840127843167
2,1347,3.4246980971753738
2,1120,3.4246980971753738
2,1056,3.4246980971753738
2,908,3.4246980971753738
2,880,3.4246980971753738
2,546,3.4246980971753738
2,1589,3.4246980971753738
2,533,3.4246980971753738
2,379,3.4246980971753738
2,4223,3.4246980971753738
2,21,3.4295245045142053
2,457,3.4412604426540874
2,1200,3.444253433299839
2,2394,3.4474256625008484
2,426,3.4246980971753738
2,5903,3.4246980971753738
2,1979,3.4246980971753738
2,2052,3.4246980971753738
2,3263,3.4246980971753738
2,2986,3.4246980971753738
2,2748,3.4246980971753738
2,2745,3.4246980971753738
2,2699,3.4246980971753738
2,2529,3.4246980971753738
2,2467,3.4246980971753738
2,2450,3.4246980971753738
2,6538,3.4246980971753738
2,2414,3.4246980971753738
2,2409,3.4246980971753738
2,2210,3.4246980971753738
2,2194,3.4246980971753738
2,2166,3.4246980971753738
2,2126,3.4246980971753738
2,382,3.4611891595599693
2,3471,3.4246980971753738
2,6378,3.4695903152892833
2,3827,3.4743805167503217
2,296,3.506254881540449
2,1625,3.508365007463805
2,145,3.511380418856815
2,261,3.5142858146050977
2,1,3.5150387121512074
2,223,3.5153538362653367
2,2858,3.50549500308009
2,4029,3.517112313234568
2,3852,3.517112313234568
2,3410,3.517112313234568
2,2941,3.517112313234568
2,2857,3.517112313234568
2,6297,3.517112313234568
2,2096,3.517112313234568
2,4019,3.517112313234568
2,1617,3.505293097846618
2,1883,3.503102711331977
2,1911,3.503102711331977
2,3798,3.4743805167503217
2,3408,3.47633140837853
2,1035,3.47633140837853
2,474,3.481309997261281
2,232,3.481309997261281
2,36,3.481309997261281
2,4310,3.485430981271044
2,616,3.4859798645621445
2,7034,3.487183814725648
2,27416,3.487183814725648
2,17,3.487183814725648
2,367,3.4903669649924014
2,3703,3.4949464698593244
2,3286,3.503102711331977
2,2724,3.503102711331977
2,2000,3.4700146210243776
2,2085,3.517112313234568
2,3477,3.4246980971753738
2,150,3.4038301745431463
2,3301,3.3085746488236376
2,1810,3.3097947833251795
2,1101,3.3123864540668237
2,3615,3.3131947744301944
2,170,3.314467681003737
2,3753,3.3159957977437937
2,2700,3.3085304947041245
2,520,3.320309985484203
2,2278,3.3209156217009554
2,1639,3.334635993112654
2,783,3.3352742347386637
2,107,3.3352742347386637
2,1201,3.3401905161286884
2,1580,3.3465465319252248
2,2407,3.3209156217009554
2,4027,3.305235326127029
2,3114,3.3044369993644764
2,3717,3.3042185745928343
2,6752,3.288576824929313
2,267,3.7341840127843167
2,6702,3.288576824929313
2,2606,3.288576824929313
2,6686,3.288576824929313
2,6586,3.288576824929313
2,6484,3.288576824929313
2,2378,3.288576824929313
2,6373,3.288576824929313
2,6338,3.288576824929313
2,6249,3.288576824929313
2,6155,3.288576824929313
2,5400,3.288576824929313
2,5296,3.288576824929313
2,104,3.288576824929313
2,587,3.355106022714594
2,3869,3.4246980971753738
2,6218,3.371981072334372
2,52967,3.375116687171023
2,2148,3.377739011767129
2,1094,3.3826915911525646
2,553,3.38557440609366
2,4090,3.386945321588832
2,2692,3.3918062916397145
2,590,3.3989238932053736
2,2321,3.377739011767129
2,5502,3.3995295801176786
2,1219,3.399907392173198
2,161,3.4007905219636303
2,2002,3.401218554471252
2,1339,3.401218554471252
2,6156,3.40284456908194
2,4816,3.40284456908194
2,2313,3.399907392173198
2,2867,3.377739011767129
2,3146,3.377739011767129
2,4546,3.375116687171023
2,52952,3.375116687171023
2,3735,3.375116687171023
2,48696,3.375116687171023
2,56782,3.375116687171023
2,48394,3.375116687171023
2,2594,3.375116687171023
2,55820,3.375116687171023
2,39292,3.375116687171023
2,2360,3.375116687171023
2,55247,3.375116687171023
2,46723,3.375116687171023
2,1635,3.375116687171023
2,5434,3.375116687171023
2,1251,3.375116687171023
2,41863,3.375116687171023
2,8368,3.371981072334372
2,2080,3.517112313234568
2,588,3.3326523617671593
2,6143,3.517112313234568
2,45499,3.650603805649252
2,2987,3.654565049099958
2,2762,3.6551989332213726
2,2908,3.656233010341102
2,589,3.6566844044034417
2,1084,3.6581018974130477
2,5010,3.650603805649252
2,165,3.6611906285856453
2,110,3.6644569975406993
2,5445,3.667160498100205
2,1029,3.667817943058049
2,477,3.6707639192865917
2,376,3.6707639192865917
2,4246,3.672679395583856
2,1196,3.66297967479352
2,37830,3.650603805649252
2,33794,3.650603805649252
2,6093,3.650603805649252
2,4993,3.6311651614252933
2,1608,3.6355596229083056
2,350,3.640722822366616
2,276,3.640722822366616
2,256,3.640722822366616
2,168,3.640722822366616
2,4979,3.6479404659297314
2,8132,3.650603805649252
2,32587,3.650603805649252
2,44191,3.650603805649252
2,27660,3.650603805649252
2,7099,3.650603805649252
2,3000,3.650603805649252
2,31184,3.650603805649252
2,2138,3.650603805649252
2,1089,3.6810010239513233
2,8873,3.628062988801413
2,4084,3.682402300635469
2,7149,3.682402300635469
2,4388,3.682402300635469
2,4153,3.682402300635469
2,3897,3.6926591528455233
2,531,3.696123893101002
2,4014,3.6990608018331863
2,1097,3.7002163291043746
2,4701,3.682402300635469
2,491,3.7024739660354533
2,3081,3.711203972719947
2,2028,3.712400845095785
2,1304,3.725582117370232
2,262,3.7290997104448205
2,637,3.7341840127843167
2,6170,3.517112313234568
2,3160,3.710329864521245
2,4989,3.682402300635469
2,5220,3.682402300635469
2,5414,3.682402300635469
2,6887,3.682402300635469
2,6873,3.682402300635469
2,6708,3.682402300635469
2,471,3.7341840127843167
2,340,3.7341840127843167
2,6687,3.682402300635469
2,6595,3.682402300635469
2,6541,3.682402300635469
2,6536,3.682402300635469
2,6287,3.682402300635469
2,6014,3.682402300635469
2,5900,3.682402300635469
2,5872,3.682402300635469
2,5803,3.682402300635469
2,5449,3.682402300635469
2,7325,3.682402300635469
2,4973,3.628062988801413
2,4018,3.682402300635469
2,1610,3.625287443971946
2,3203,3.543523857805025
2,5388,3.517112313234568
2,2707,3.543523857805025
2,1489,3.517112313234568
2,5693,3.517112313234568
2,5785,3.517112313234568
2,3219,3.543523857805025
2,1193,3.628062988801413
2,2600,3.543523857805025
2,1012,3.517112313234568
2,2033,3.517112313234568
2,2560,3.543523857805025
2,233,3.543523857805025
2,1105,3.5472616319489148
2,2702,3.543523857805025
2,3285,3.543523857805025
2,3298,3.543523857805025
2,3783,3.543523857805025
2,5103,3.517112313234568
2,5015,3.517112313234568
2,5014,3.517112313234568
2,899,3.517112313234568
2,4990,3.517112313234568
2,4700,3.517112313234568
2,4154,3.517112313234568
2,13,3.517112313234568
2,5952,3.5198995076962105
2,5364,3.517112313234568
2,541,3.5208285725167583
2,2502,3.523313284568501
2,593,3.528460706072121
2,362,3.5321869725917416
2,288,3.5324768657841323
2,1064,3.5472616319489148
2,828,3.5472616319489148
2,1013,3.517112313234568
2,810,3.5472616319489148
2,5816,3.58385805944191
2,6333,3.58385805944191
2,3948,3.568704129173666
2,595,3.559160529672128
2,466,3.5535501989054215
2,356,3.548084190744277
2,271,3.5472616319489148
2,1073,3.547793282881601
2,3,3.5472616319489148
2,5,3.5472616319489148
2,29,3.5472616319489148
2,57,3.5472616319489148
2,102,3.5472616319489148
2,238,3.5472616319489148
2,325,3.5472616319489148
2,661,3.58977322468967
2,4896,3.58385805944191
2,484,3.5472616319489148
2,711,3.5472616319489148
2,631,3.5472616319489148
2,610,3.5472616319489148
2,609,3.5472616319489148
2,3175,3.624447700969367
2,1407,3.615821749126692
2,419,3.5472616319489148
2,1291,3.611902728567578
2,2115,3.611902728567578
2,440,3.6106839137549827
2,502,3.5472616319489148
2,2640,3.605163890104797
2,2294,3.598356030250873
2,2571,3.5957761099537895
2,337,3.5899301469206093
3,246,3.0485446070590303
3,5952,3.046113854812636
3,80363,3.045564200044286
3,57368,3.045564200044286
3,4223,3.045564200044286
3,53322,3.045564200044286
3,2513,3.045564200044286
3,100810,3.045564200044286
3,96691,3.045564200044286
3,2470,3.045564200044286
3,2291,3.045564200044286
3,6365,3.045564200044286
3,84189,3.045564200044286
3,2232,3.045564200044286
3,6323,3.045564200044286
3,71135,3.045564200044286
3,91535,3.045564200044286
3,5502,3.045564200044286
3,98361,3.045564200044286
3,5388,3.045564200044286
3,34048,3.045564200044286
3,5103,3.045564200044286
3,4887,3.045564200044286
3,53972,3.045564200044286
3,103075,3.045564200044286
3,8861,3.045564200044286
3,8810,3.045564200044286
3,78266,3.045564200044286
3,49530,3.045564200044286
3,90405,3.045564200044286
3,55765,3.045564200044286
3,82041,3.045564200044286
3,103688,3.045564200044286
3,51080,3.045564200044286
3,1320,3.068653456077391
3,5669,3.050003026260823
3,481,3.07786786052586
3,422,3.07786786052586
3,371,3.07786786052586
3,366,3.07786786052586
3,361,3.07786786052586
3,354,3.07786786052586
3,347,3.07786786052586
3,319,3.07786786052586
3,290,3.07786786052586
3,233,3.07786786052586
3,230,3.07786786052586
3,154,3.07786786052586
3,144,3.07786786052586
3,135,3.07786786052586
3,76,3.07786786052586
3,84601,3.045564200044286
3,52,3.07786786052586
3,490,3.07786786052586
3,6953,3.050003026260823
3,514,3.07786786052586
3,528,3.07786786052586
3,1485,3.050003026260823
3,832,3.050003026260823
3,380,3.054621608791037
3,8368,3.058616606042284
3,788,3.0592913043491685
3,597,3.062902479851648
3,1889,3.068653456077391
3,920,3.068653456077391
3,1033,3.07786786052586
3,1021,3.07786786052586
3,1020,3.07786786052586
3,1015,3.07786786052586
3,852,3.07786786052586
3,743,3.07786786052586
3,543,3.07786786052586
3,537,3.07786786052586
3,535,3.07786786052586
3,516,3.07786786052586
3,96917,3.045564200044286
3,139855,2.9654294741769385
3,89470,3.045564200044286
3,133217,2.9654294741769385
3,161580,2.9654294741769385
3,79553,2.9654294741769385
3,140928,2.9654294741769385
3,161131,2.9654294741769385
3,1285,2.9654294741769385
3,148626,2.9654294741769385
3,2318,2.9654294741769385
3,95167,2.9654294741769385
3,160567,2.9654294741769385
3,160563,2.9654294741769385
3,156387,2.9654294741769385
3,152284,2.9654294741769385
3,94931,2.9654294741769385
3,45,3.07786786052586
3,160271,2.9654294741769385
3,95088,2.9654294741769385
3,160080,2.9654294741769385
3,162082,2.9654294741769385
3,162350,2.9654294741769385
3,4270,2.9482023146140164
3,4238,2.9482023146140164
3,2355,2.954799957903533
3,1917,2.9580987795482914
3,88140,2.959542543027509
3,143355,2.9654294741769385
3,159717,2.9654294741769385
3,76077,2.9654294741769385
3,167790,2.9654294741769385
3,158972,2.9654294741769385
3,84954,2.9654294741769385
3,117466,2.9654294741769385
3,80549,2.9654294741769385
3,68237,2.9654294741769385
3,133771,2.9654294741769385
3,137857,2.9654294741769385
3,97913,2.9654294741769385
3,3300,3.045564200044286
3,168252,2.9654294741769385
3,176371,2.9654294741769385
3,22,3.0192213535922003
3,5,3.0192213535922003
3,2,3.0218118422328613
3,8807,3.02510768896418
3,434,3.027145637176847
3,442,3.0391761403115987
3,551,3.0395770292833104
3,497,3.0192213535922003
3,355,3.0395770292833104
3,198,3.0395770292833104
3,122,3.0395770292833104
3,102125,3.045564200044286
3,40583,3.045564200044286
3,101864,3.045564200044286
3,3527,3.045564200044286
3,85397,3.045564200044286
3,273,3.0395770292833104
3,135436,2.9654294741769385
3,6373,3.016494109182718
3,524,3.007069559846328
3,122890,2.9654294741769385
3,4369,2.978246713714765
3,1527,2.9831231293158877
3,1246,2.9901079945308986
3,413,3.0012861980407615
3,277,3.0012861980407615
3,248,3.0012861980407615
3,1968,3.0101419878296145
3,234,3.0012861980407615
3,177,3.0012861980407615
3,174,3.0012861980407615
3,132,3.0012861980407615
3,4016,3.0035803446046847
3,150,3.0053024462731313
3,78349,3.0054968371106123
3,540,3.007069559846328
3,227,3.0012861980407615
3,21,3.07786786052586
3,7153,3.2261267875880257
3,3114,3.0807671584880634
3,8360,3.2695327084331742
3,1580,3.2725260483958114
3,2826,3.277770579397198
3,266,3.2795275603924448
3,97752,3.300649993575211
3,111759,3.300649993575211
3,72998,3.301079279930654
3,103249,3.267039617352683
3,59315,3.301079279930654
3,1036,3.3016952463832294
3,39,3.3051399583974432
3,541,3.312093162447339
3,608,3.317050891974827
3,592,3.317904226001725
3,2572,3.318002328456377
3,303,2.9482023146140164
3,70286,3.301079279930654
3,2109,3.318002328456377
3,81591,3.267039617352683
3,1265,3.2604811714971134
3,6502,3.2442417111957536
3,8957,3.2454454354978095
3,1573,3.251867591715652
3,122904,3.2530474518173627
3,2912,3.255890154470276
3,1994,3.255890154470276
3,1967,3.255890154470276
3,377,3.26284719487487
3,1500,3.255890154470276
3,1394,3.255890154470276
3,1287,3.255890154470276
3,1213,3.255890154470276
3,1136,3.255890154470276
3,1097,3.255890154470276
3,1025,3.255890154470276
3,745,3.255890154470276
3,1408,3.255890154470276
3,7451,3.2441677738271912
3,1345,3.318002328456377
3,1,3.3182379285100767
3,4085,3.351931445523675
3,3638,3.351931445523675
3,3452,3.351931445523675
3,3253,3.351931445523675
3,7142,3.351931445523675
3,6958,3.351931445523675
3,6949,3.351931445523675
3,71264,3.347631260727102
3,6888,3.351931445523675
3,6879,3.351931445523675
3,6752,3.351931445523675
3,6702,3.351931445523675
3,2606,3.351931445523675
3,6686,3.351931445523675
3,6586,3.351931445523675
3,2410,3.351931445523675
3,6886,3.351931445523675
3,58293,3.318002328456377
3,97938,3.347631260727102
3,47610,3.3407173565088852
3,2706,3.3201593862843546
3,6567,3.3216135013625463
3,6242,3.3216135013625463
3,1717,3.3216135013625463
3,70,3.3216135013625463
3,56801,3.326103916367608
3,187541,3.326103916367608
3,8798,3.3407173565088852
3,56152,3.326103916367608
3,117176,3.326103916367608
3,1704,3.326103916367608
3,66934,3.326103916367608
3,1207,3.326103916367608
3,53993,3.326103916367608
3,3948,3.3367724734431103
3,2571,3.338867623184531
3,60040,3.326103916367608
3,18,3.07786786052586
3,1959,3.2375388303380186
3,33660,3.2321413820638254
3,53460,3.0847859037514205
3,102407,3.0847859037514205
3,163,3.0866658276738357
3,1387,3.1020462345421462
3,1127,3.1020462345421462
3,5349,3.105126672006949
3,141,3.1055641645855228
3,8641,3.0847859037514205
3,780,3.1080094926780015
3,6863,3.1196973782443482
3,2628,3.126648056038141
3,2006,3.134907907988281
3,122918,3.1457666952722736
3,4027,3.15180373790763
3,3408,3.15180373790763
3,2728,3.15180373790763
3,2987,3.1186320689973073
3,2710,3.15180373790763
3,70293,3.0847859037514205
3,79091,3.0847859037514205
3,131013,3.0847859037514205
3,65230,3.0847859037514205
3,64957,3.0847859037514205
3,93326,3.0847859037514205
3,93272,3.0847859037514205
3,56367,3.0847859037514205
3,68135,3.0847859037514205
3,86880,3.0847859037514205
3,47518,3.0847859037514205
3,30793,3.0847859037514205
3,1884,3.0847859037514205
3,104211,3.0847859037514205
3,112290,3.0847859037514205
3,128520,3.0847859037514205
3,50685,3.0847859037514205
3,111921,3.0847859037514205
3,92509,3.0847859037514205
3,32,3.234033943666654
3,6591,3.15180373790763
3,6218,3.15180373790763
3,5903,3.2073614025654416
3,8665,3.2073614025654416
3,86190,3.2073614025654416
3,474,3.2100555110311584
3,79132,3.211550801462747
3,97921,3.2143437340609515
3,3785,3.2183586746375474
3,84152,3.2073614025654416
3,6155,3.2183586746375474
3,134393,3.2269722544190085
3,68157,3.2269722544190085
3,96588,3.2269722544190085
3,87869,3.2269722544190085
3,45722,3.2269722544190085
3,36529,3.2321413820638254
3,89774,3.2321413820638254
3,48385,3.2269722544190085
3,2396,3.15180373790763
3,76251,3.2073614025654416
3,56775,3.205444910059514
3,4326,3.15180373790763
3,161,3.1578631827835593
3,3034,3.1622718052738334
3,588,3.162321505233224
3,552,3.1643634420082822
3,1027,3.1668790074980677
3,610,3.1668790074980677
3,6952,3.2073614025654416
3,208,3.1740828470116624
3,292,3.1845282902027923
3,225,3.1845282902027923
3,858,3.188983838116557
3,1682,3.197586131271355
3,7154,3.1987478227839805
3,3052,3.201774343290442
3,52975,3.205444910059514
3,316,3.1845282902027923
3,466,2.9482023146140164
3,174055,2.5617003432672805
3,5093,2.9482023146140164
3,1653,2.2611951942580744
3,1374,2.2611951942580744
3,515,2.2611951942580744
3,283,2.270409598706543
3,3751,2.277327641932104
3,126548,2.277327641932104
3,105037,2.277327641932104
3,112788,2.277327641932104
3,123947,2.277327641932104
3,151739,2.277327641932104
3,903,2.308935233123874
3,19,2.3206196580849454
3,4310,2.327449646168965
3,3037,2.3443454760883133
3,435,2.348101319852125
3,75395,2.2381059382249697
3,80219,2.2381059382249697
3,348,2.232118767463994
3,69757,2.2176494271448632
3,155064,2.157971212357622
3,52328,2.157971212357622
3,142420,2.157971212357622
3,166492,2.157971212357622
3,161634,2.157971212357622
3,136864,2.157971212357622
3,4864,2.157971212357622
3,158,2.3533970153907475
3,135567,2.157971212357622
3,69640,2.157971212357622
3,6934,2.1742660234292703
3,416,2.193827936221445
3,338,2.193827936221445
3,328,2.193827936221445
3,265,2.211763091772884
3,149354,2.2176494271448632
3,90403,2.157971212357622
3,2915,2.3566752719896735
3,2144,2.3566752719896735
3,293,2.3691505599629012
3,2723,2.5105440666370606
3,2605,2.5105440666370606
3,1409,2.5105440666370606
3,837,2.5105440666370606
3,179819,2.5186456545482914
3,56757,2.5186456545482914
3,63859,2.5186456545482914
3,2872,2.5105440666370606
3,1333,2.5186456545482914
3,3617,2.529314211623794
3,135143,2.540172998907786
3,3861,2.544473183704358
3,6550,2.544473183704358
3,2383,2.544473183704358
3,2381,2.544473183704358
3,1876,2.544473183704358
3,79139,2.5186456545482914
3,69516,2.157971212357622
3,7541,2.5105440666370606
3,1562,2.4525689369918267
3,186,2.3704260775204578
3,329,2.396618864028029
3,315,2.396618864028029
3,193,2.4123047103718815
3,58998,2.4195139925996925
3,3178,2.4484318926509596
3,2947,2.4484318926509596
3,485,2.4980143279313207
3,2459,2.4484318926509596
3,2085,2.4484318926509596
3,1396,2.4484318926509596
3,1073,2.4484318926509596
3,1029,2.4484318926509596
3,1022,2.4484318926509596
3,596,2.4484318926509596
3,594,2.4484318926509596
3,2174,2.4484318926509596
3,4255,2.1407440527947
3,5094,2.1407440527947
3,1645,2.1407440527947
3,611,1.3863696744021288
3,585,1.3863696744021288
3,255,1.3863696744021288
3,239,1.3863696744021288
3,204,1.3863696744021288
3,181,1.3863696744021288
3,172,1.3863696744021288
3,673,1.3664378218130755
3,3176,1.453736932438758
3,1090,1.453736932438758
3,8865,1.453736932438758
3,107348,1.4698693801127876
3,99106,1.4698693801127876
3,111320,1.4698693801127876
3,66097,1.4698693801127876
3,2427,1.4945300642562303
3,6870,1.453736932438758
3,784,1.531752290560734
3,1357,1.3664378218130755
3,164881,1.3505129505383056
3,2707,0.8151640448800691
3,1805,0.8151640448800691
3,2137,0.8335153690123265
3,1282,0.8335153690123265
3,33493,1.0500078015290994
3,69278,1.0661402492031293
3,113378,1.0661402492031293
3,2393,1.3664378218130755
3,87430,1.0661402492031293
3,69644,1.186799255511223
3,1391,1.3029678468142547
3,4874,1.3029678468142547
3,59615,1.3074582618193165
3,82461,1.3074582618193165
3,1748,1.3332857909753835
3,1367,1.3332857909753835
3,74647,1.0661402492031293
3,5419,2.544473183704358
3,2455,1.5492170101703568
3,1411,1.6226223066993855
3,67087,1.7542420814479638
3,63992,1.7923929518757102
3,44,1.7990663830875062
3,437,1.828389636554336
3,2640,1.857466063348416
3,2193,1.857466063348416
3,2100,1.8615565469013744
3,1590,1.7542420814479638
3,109483,1.873598511022446
3,103335,1.873598511022446
3,8970,1.873598511022446
3,1721,2.0362120749255626
3,3997,2.110426108633571
3,31685,2.110426108633571
3,2953,2.110426108633571
3,53464,2.114916523638633
3,112450,1.873598511022446
3,2582,1.6226223066993855
3,71530,1.7542420814479638
3,2657,1.7542420814479638
3,6484,3.351931445523675
3,1954,1.6409736308316427
3,1907,1.6409736308316427
3,1862,1.6409736308316427
3,1617,1.6409736308316427
3,2384,1.6451106751725098
3,3101,1.6596919814465454
3,149902,1.7542420814479638
3,3418,1.6889942763583423
3,74789,1.7327147370884692
3,6946,1.7370149218850417
3,6566,1.7370149218850417
3,1556,1.7370149218850417
3,73488,1.7542420814479638
3,40148,1.7542420814479638
3,43836,1.7542420814479638
3,67408,1.7111873927289747
3,1092,2.544473183704358
3,1047,2.544473183704358
3,5106,2.544473183704358
3,112183,2.823243123509351
3,111113,2.823243123509351
3,7458,2.828412251154167
3,46976,2.828412251154167
3,2116,2.8338096994283606
3,2002,2.8338096994283606
3,2683,2.848138460805994
3,108932,2.823243123509351
3,69122,2.8633104864430243
3,160,2.86345262759843
3,924,2.867290417493257
3,2948,2.8756231111165627
3,5445,2.8862302799420116
3,410,2.8882119306801726
3,367,2.8899746253594443
3,508,2.8937038899716985
3,8361,2.8633104864430243
3,93840,2.897350149020996
3,138036,2.823243123509351
3,145,2.8212145840660026
3,3618,2.7643938211889525
3,3287,2.7643938211889525
3,2880,2.7643938211889525
3,2195,2.7643938211889525
3,1516,2.7643938211889525
3,575,2.7643938211889525
3,153,2.770608122267306
3,35836,2.823243123509351
3,173,2.7801164176082316
3,3623,2.7950186918743225
3,58047,2.8017157791498555
3,344,2.8070120554677698
3,5459,2.8092623427780614
3,4246,2.8092623427780614
3,104,2.8111705221151086
3,1517,2.820223580933647
3,83134,2.782104927296289
3,1032,2.7631498765884093
3,91500,2.897350149020996
3,500,2.9129712337619154
3,7,2.936271259166796
3,4,2.936271259166796
3,2770,2.9482023146140164
3,6750,2.9482023146140164
3,6593,2.9482023146140164
3,6534,2.9482023146140164
3,6503,2.9482023146140164
3,105,2.936271259166796
3,2380,2.9482023146140164
3,6157,2.9482023146140164
3,2004,2.9482023146140164
3,6006,2.9482023146140164
3,1801,2.9482023146140164
3,5874,2.9482023146140164
3,1201,2.9482023146140164
3,1101,2.9482023146140164
3,6266,2.9482023146140164
3,231,2.9062202160835837
3,351,2.936271259166796
3,455,2.936271259166796
3,3363,2.914273197546719
3,55282,2.914273197546719
3,370,2.9172297440986577
3,432,2.917677658100775
3,3489,2.917884370452888
3,27728,2.917884370452888
3,2671,2.917884370452888
3,448,2.936271259166796
3,31184,2.917884370452888
3,5146,2.917884370452888
3,586,2.920737908896876
3,8529,2.9223747854579494
3,357,2.9230072881476836
3,595,2.9235822308507693
3,6383,2.9312377560803675
3,5449,2.933043342533452
3,1831,2.917884370452888
3,5065,2.9482023146140164
3,196,2.757126146300406
3,4886,2.757031385530136
3,135887,2.5617003432672805
3,131749,2.5617003432672805
3,522,2.5617003432672805
3,78218,2.5617003432672805
3,33145,2.5617003432672805
3,139385,2.5617003432672805
3,81,2.5617003432672805
3,33615,2.5617003432672805
3,2005,2.57762521454205
3,671,2.5972371948538275
3,2081,2.5982532498244653
3,134853,2.5998512136950267
3,56174,2.601767706200954
3,4973,2.6079767299361603
3,4025,2.61276497827306
3,61323,2.6213785580545212
3,5299,2.5813918703648038
3,76293,2.6213785580545212
3,83349,2.5617003432672805
3,63072,2.5617003432672805
3,4386,2.544473183704358
3,272,2.5487687414294724
3,2529,2.5566781089093458
3,147142,2.5617003432672805
3,36401,2.5617003432672805
3,3553,2.5617003432672805
3,130490,2.5617003432672805
3,148956,2.5617003432672805
3,175303,2.5617003432672805
3,84772,2.5617003432672805
3,162578,2.5617003432672805
3,166528,2.5617003432672805
3,26681,2.5617003432672805
3,1873,2.5617003432672805
3,5816,2.5617003432672805
3,120466,2.5617003432672805
3,89190,2.5617003432672805
3,317,2.757126146300406
3,54503,2.6213785580545212
3,8622,2.6311149232706006
3,75805,2.6810567728417625
3,87485,2.6810567728417625
3,33836,2.6810567728417625
3,41566,2.6810567728417625
3,8533,2.6810567728417625
3,1240,2.716333151297654
3,2324,2.7182650125005896
3,101612,2.6810567728417625
3,224,2.7256190571560976
3,2054,2.7480746069979713
3,1961,2.7480746069979713
3,5377,2.7480746069979713
3,300,2.754134051873901
3,420,2.754863261474797
3,4022,2.7549513289406486
3,5219,2.7549513289406486
3,34,2.738718355103078
3,8376,2.6213785580545212
3,48414,2.6810567728417625
3,1947,2.6690148087206906
3,3863,2.641835069134628
3,3826,2.641835069134628
3,65216,2.641835069134628
3,81417,2.641835069134628
3,3534,2.641835069134628
3,3285,2.641835069134628
3,6281,2.641835069134628
3,114074,2.6810567728417625
3,1676,2.641835069134628
3,53953,2.641835069134628
3,90469,2.641835069134628
3,69654,2.641835069134628
3,1377,2.6544335024466554
3,7123,2.664924325167733
3,1199,2.664924325167733
3,68954,2.6677205063361247
3,8914,2.641835069134628
3,2378,3.351931445523675
3,6887,3.7556605764333333
3,6249,3.351931445523675
3,34405,3.8761117178967077
3,1376,3.8761117178967077
3,1266,3.8761117178967077
3,1253,3.8761117178967077
3,5008,3.8761117178967077
3,912,3.8761117178967077
3,116797,3.884716345580204
3,805,3.885326122345176
3,802,3.885326122345176
3,507,3.885326122345176
3,346,3.885326122345176
3,249,3.885326122345176
3,14,3.885326122345176
3,2490,3.8899779246600175
3,69481,3.892244165570737
3,6303,3.8761117178967077
3,2467,3.8761117178967077
3,7001,3.8761117178967077
3,36519,3.8761117178967077
3,106782,3.832565950783496
3,8961,3.8327296435815694
3,509,3.8514957603565296
3,80831,3.8530224618636035
3,6754,3.8530224618636035
3,59369,3.8530224618636035
3,6059,3.8530224618636035
3,44193,3.892244165570737
3,91658,3.8530224618636035
3,5064,3.8530224618636035
3,8950,3.8530224618636035
3,94864,3.8530224618636035
3,356,3.8599174256937263
3,6377,3.869055580577005
3,96079,3.87263331371717
3,49272,3.87263331371717
3,5418,3.8530224618636035
3,51540,3.892244165570737
3,51255,3.892244165570737
3,59258,3.892244165570737
3,910,3.9715917956283064
3,4878,3.9739611647800843
3,2329,3.9994308218050443
3,8636,4.0106579643763
3,6874,4.012738814380529
3,1291,4.014527960314059
3,11,4.017513772850474
3,1747,3.9715917956283064
3,2858,4.022867862123297
3,1732,4.034430516238325
3,1206,4.034430516238325
3,59103,4.044997092157335
3,616,4.044997092157335
3,3481,4.0633484162895925
3,3362,4.0633484162895925
3,3328,4.0633484162895925
3,1196,4.03294994717643
3,152081,3.832565950783496
3,3039,3.9715917956283064
3,48,3.959261999726946
3,34162,3.892244165570737
3,103141,3.892244165570737
3,6539,3.8936914504621223
3,3000,3.8943455242808986
3,1198,3.898373570206544
3,333,3.9070440412210257
3,3671,3.9319179805995215
3,36517,3.9715917956283064
3,1193,3.9394890198702157
3,6378,3.942366169807598
3,553,3.9445839209965246
3,4014,3.959261999726946
3,1059,3.959261999726946
3,1035,3.959261999726946
3,1028,3.959261999726946
3,475,3.959261999726946
3,3717,3.942366169807598
3,99114,3.832565950783496
3,115617,3.832565950783496
3,2321,3.832565950783496
3,1844,3.772887735996255
3,63276,3.772887735996255
3,91947,3.772887735996255
3,71429,3.772887735996255
3,1726,3.772887735996255
3,50842,3.772887735996255
3,71304,3.772887735996255
3,5956,3.772887735996255
3,91690,3.772887735996255
3,5617,3.772887735996255
3,99813,3.772887735996255
3,95690,3.772887735996255
3,91470,3.772887735996255
3,1261,3.772887735996255
3,107630,3.772887735996255
3,99437,3.772887735996255
3,95761,3.772887735996255
3,1120,3.772887735996255
3,71520,3.772887735996255
3,88129,3.772887735996255
3,142509,3.772887735996255
3,27773,3.772887735996255
3,142456,3.772887735996255
3,27482,3.772887735996255
3,105213,3.772887735996255
3,101112,3.772887735996255
3,96829,3.772887735996255
3,55278,3.772887735996255
3,2596,3.772887735996255
3,100882,3.772887735996255
3,47491,3.772887735996255
3,2387,3.772887735996255
3,149830,3.772887735996255
3,92420,3.772887735996255
3,75985,3.772887735996255
3,116897,3.772887735996255
3,92694,3.772887735996255
3,3213,4.0633484162895925
3,1084,3.772887735996255
3,62439,3.772887735996255
3,4993,3.806726201757617
3,637,3.808744459860078
3,471,3.808744459860078
3,340,3.808744459860078
3,276,3.808744459860078
3,274,3.808744459860078
3,267,3.808744459860078
3,48516,3.804907601710294
3,93,3.808744459860078
3,47099,3.8110386064240016
3,46578,3.8110386064240016
3,1625,3.812955098929929
3,457,3.8234351865763556
3,237,3.8266796154115172
3,337,3.829110051185616
3,431,3.8308834608618403
3,110,3.8097040828789526
3,1034,3.772887735996255
3,3793,3.8016895747148274
3,288,3.786827052240237
3,103341,3.772887735996255
3,62336,3.772887735996255
3,131920,3.772887735996255
3,99007,3.772887735996255
3,501,3.772887735996255
3,94677,3.772887735996255
3,33201,3.772887735996255
3,95,3.793051198752569
3,45440,3.772887735996255
3,110882,3.772887735996255
3,65642,3.772887735996255
3,122882,3.772887735996255
3,491,3.776236990423096
3,318,3.7775512288354793
3,74458,3.777742546921272
3,44974,3.7837509433773544
3,98607,3.772887735996255
3,7361,3.772887735996255
3,3019,4.0633484162895925
3,2599,4.0633484162895925
3,280,4.616202721679395
3,207,4.616202721679395
3,195,4.616202721679395
3,188,4.616202721679395
3,23,4.616202721679395
3,15,4.616202721679395
3,3681,4.683569979716023
3,175,4.692784384164493
3,36,4.692784384164493
3,55276,4.779050057447623
3,5060,4.779050057447623
3,913,4.779050057447623
3,4011,5.0
3,27831,5.0
3,2542,5.0
3,468,4.616202721679395
3,33166,4.5962708690903415
3,4446,4.53280089409152
3,6618,4.53280089409152
3,3996,4.313596372295153
3,236,4.340535580794731
3,8873,4.362991130636604
3,16,4.378555573751802
3,3615,4.379310344827585
3,2879,4.379310344827585
3,6333,4.414387095285958
3,31,0.5
3,45499,4.414387095285958
3,3972,4.448726223066993
3,2924,4.448726223066993
3,2150,4.448726223066993
3,1019,4.448726223066993
3,898,4.448726223066993
3,222,4.448726223066993
3,27801,4.53280089409152
3,3275,4.426511230931801
3,527,0.5
3,647,0.5
3,688,0.5
3,3703,5.0
3,3949,0.5
3,4518,5.0
3,5048,0.5
3,5181,5.0
3,5746,5.0
3,5764,4.5
3,3210,0.5
3,5919,5.0
3,6835,5.0
3,7899,4.5
3,7991,5.0
3,26409,4.5
3,70946,5.0
3,72378,0.5
3,55820,0.5430546887189891
3,6238,0.5
3,102445,4.295973296480396
3,3024,4.5
3,2424,0.5
3,720,0.5
3,849,5.0
3,914,0.5
3,1093,0.5
3,1124,0.5
3,1263,0.5
3,1272,0.5
3,2851,5.0
3,1275,3.5
3,1371,3.0
3,1587,4.5
3,2018,0.5
3,2080,0.5
3,2090,0.5
3,2105,2.0
3,2288,4.0
3,1302,0.5
3,78499,4.295973296480396
3,111362,4.295973296480396
3,8972,4.295973296480396
3,81564,4.133562178186924
3,187593,4.133562178186924
3,55267,4.133562178186924
3,50872,4.133562178186924
3,177765,4.133562178186924
3,38038,4.133562178186924
3,904,4.133562178186924
3,81845,4.133562178186924
3,122926,4.133562178186924
3,122912,4.133562178186924
3,2273,4.144230735262427
3,4367,4.144230735262427
3,4015,4.15938970734299
3,6764,4.15938970734299
3,6564,4.15938970734299
3,6548,4.15938970734299
3,122916,4.133562178186924
3,6537,4.15938970734299
3,282,4.1317868597179395
3,6387,4.129071763181862
3,2391,4.0633484162895925
3,2366,4.0633484162895925
3,2342,4.0633484162895925
3,2118,4.0633484162895925
3,1729,4.0633484162895925
3,1584,4.0633484162895925
3,1248,4.0633484162895925
3,26606,4.129071763181862
3,3535,4.074497879171999
3,1219,4.098455297238258
3,1197,4.098455297238258
3,55391,4.125460590275694
3,7090,4.129071763181862
3,6721,4.129071763181862
3,27193,4.129071763181862
3,2443,4.129071763181862
3,350,4.074640020327404
3,2997,4.0633484162895925
3,6156,4.15938970734299
3,4082,4.176616866905913
3,94959,4.176616866905913
3,86721,4.176616866905913
3,8254,4.176616866905913
3,2890,4.192541738180683
3,1293,4.192541738180683
3,44665,4.224646665476972
3,1234,4.279840848806366
3,9010,4.176616866905913
3,928,4.279840848806366
3,110102,4.295973296480396
3,52722,4.295973296480396
3,73017,4.295973296480396
3,109374,4.295973296480396
3,6936,4.295973296480396
3,91529,4.295973296480396
3,86833,4.295973296480396
3,106072,4.295973296480396
3,2001,4.15938970734299
3,54190,4.176616866905913
3,5088,4.176616866905913
3,171763,4.176616866905913
3,65130,4.176616866905913
3,60950,4.176616866905913
3,3342,4.176616866905913
3,7371,4.176616866905913
3,158872,4.176616866905913
3,7265,4.176616866905913
3,58301,4.176616866905913
3,7254,4.176616866905913
3,7008,4.176616866905913
3,2600,4.176616866905913
3,67695,4.176616866905913
3,26680,4.176616866905913
3,174053,4.176616866905913
3,100083,4.176616866905913
3,42632,4.176616866905913
3,7022,4.176616866905913
3,158966,3.772887735996255
3,93855,3.772887735996255
3,110330,3.772887735996255
3,4848,3.409225968020271
3,47,3.410662531345317
3,477,3.4107986907559864
3,383,3.4107986907559864
3,3745,3.4138711187392725
3,1200,3.420269920188643
3,339,3.42603101266743
3,1270,3.4267033130894538
3,81562,3.4288368198738377
3,95441,3.4288368198738377
3,86332,3.4288368198738377
3,127202,3.4288368198738377
3,122892,3.4288368198738377
3,185,3.430008031149836
3,60684,3.43565565690054
3,48774,3.409225968020271
3,4995,3.4082677217673067
3,112852,3.407309475514343
3,88810,3.407309475514343
3,114935,3.3691586050865965
3,127198,3.3691586050865965
3,151695,3.3691586050865965
3,127096,3.3691586050865965
3,122922,3.3691586050865965
3,296,3.3699366264255213
3,480,3.371681976783738
3,5618,3.4408183925924476
3,170,3.3784733872370474
3,2407,3.3850834763613666
3,2278,3.3850834763613666
3,5679,3.4006123882388097
3,54286,3.4011784708006356
3,3147,3.401531546730414
3,4447,3.405064268011812
3,72641,3.407309475514343
3,53000,3.3836478297051604
3,368,3.4425043822495445
3,256,3.443306160192969
3,235,3.443306160192969
3,4963,3.4492933309539446
3,4776,3.4492933309539446
3,98961,3.4492933309539446
3,8644,3.4492933309539446
3,65682,3.4492933309539446
3,45186,3.4492933309539446
3,49278,3.4492933309539446
3,91630,3.4492933309539446
3,1221,3.4575006667360375
3,3744,3.4618917642659723
3,733,3.463020435258827
3,364,3.4632999727457405
3,2763,3.467413157344653
3,1204,3.472382586987049
3,44191,3.481676259000268
3,3969,3.488515034661079
3,44199,3.4608379589704965
3,168266,3.3691586050865965
3,5630,3.4492933309539446
3,63113,3.4492933309539446
3,216,3.443306160192969
3,53129,3.4492933309539446
3,77561,3.4492933309539446
3,85414,3.4492933309539446
3,52604,3.4492933309539446
3,7445,3.4492933309539446
3,48394,3.4492933309539446
3,34319,3.4492933309539446
3,93297,3.4492933309539446
3,60030,3.4492933309539446
3,80489,3.4492933309539446
3,51662,3.4492933309539446
3,100383,3.4492933309539446
3,5989,3.4492933309539446
3,91974,3.4492933309539446
3,42738,3.4492933309539446
3,51935,3.4492933309539446
3,119141,3.3691586050865965
3,106918,3.3691586050865965
3,106920,3.3691586050865965
3,155509,3.3691586050865965
3,167746,3.3691586050865965
3,163645,3.3691586050865965
3,32460,3.3691586050865965
3,159415,3.3691586050865965
3,163134,3.3691586050865965
3,44195,3.3691586050865965
3,151455,3.3691586050865965
3,27788,3.3691586050865965
3,113741,3.3691586050865965
3,158783,3.3691586050865965
3,134170,3.3691586050865965
3,3083,3.3691586050865965
3,84952,3.3691586050865965
3,142222,3.3691586050865965
3,47997,3.3691586050865965
3,142422,3.3691586050865965
3,2918,3.3691586050865965
3,65514,3.3691586050865965
3,59784,3.365070823361898
3,5991,3.351931445523675
3,1690,3.351931445523675
3,1608,3.351931445523675
3,1552,3.351931445523675
3,1544,3.351931445523675
3,5507,3.351931445523675
3,5481,3.351931445523675
3,589,3.367181792718588
3,5400,3.351931445523675
3,4718,3.351931445523675
3,4344,3.351931445523675
3,454,3.3581684876954454
3,1923,3.3585290888131913
3,5218,3.3605450253051354
3,327,3.3615088287033985
3,908,3.3641363707286627
3,5296,3.351931445523675
3,61250,3.488515034661079
3,2843,3.3691586050865965
3,166635,3.3691586050865965
3,161582,3.3691586050865965
3,149146,3.3691586050865965
3,149144,3.3691586050865965
3,128620,3.3691586050865965
3,79357,3.3691586050865965
3,71057,3.3691586050865965
3,152970,3.3691586050865965
3,79702,3.3691586050865965
3,128360,3.3691586050865965
3,164909,3.3691586050865965
3,115680,3.3691586050865965
3,99117,3.3691586050865965
3,156371,3.3691586050865965
3,4738,3.3691586050865965
3,152091,3.3691586050865965
3,152083,3.3691586050865965
3,111743,3.3691586050865965
3,6902,3.3691586050865965
3,6016,3.3691586050865965
3,104374,3.3691586050865965
3,162478,3.3691586050865965
3,88744,3.3691586050865965
3,60072,3.3691586050865965
3,60069,3.3691586050865965
3,55908,3.3691586050865965
3,166461,3.3691586050865965
3,158238,3.3691586050865965
3,112552,3.3691586050865965
3,27022,3.3691586050865965
3,76093,3.3691586050865965
3,141544,3.3691586050865965
3,108727,3.3691586050865965
3,161966,3.3691586050865965
3,92259,3.3691586050865965
3,141408,3.3691586050865965
3,112623,3.3691586050865965
3,72011,3.3691586050865965
3,89745,3.488515034661079
3,61024,3.488515034661079
3,64969,3.488515034661079
3,1089,3.707639930906633
3,7438,3.709941966198285
3,2692,3.716253510688095
3,1215,3.716253510688095
3,778,3.720429495581232
3,3301,3.7217314593660356
3,27674,3.7217314593660356
3,593,3.7006207964520073
3,2428,3.7217314593660356
3,1962,3.721987191307678
3,6857,3.725342632272204
3,5378,3.725342632272204
3,2115,3.7291017210491098
3,1210,3.7293891992698405
3,81847,3.729833047277266
3,3499,3.729833047277266
3,66320,3.7217314593660356
3,104841,3.729833047277266
3,555,3.69372144761443
3,58559,3.6875739363736053
3,79592,3.630701385328667
3,62434,3.630701385328667
3,119145,3.630701385328667
3,91542,3.632424427876939
3,4720,3.6348230035011384
3,64614,3.635870512973484
3,253,3.6411262508999633
3,6,3.687979061093456
3,1960,3.6412679612476766
3,109487,3.656776582727021
3,2700,3.6569375768768517
3,539,3.664754831047583
3,71535,3.670768748262341
3,87232,3.670768748262341
3,1214,3.671008471126412
3,648,3.6743233065224095
3,2000,3.6555967226253103
3,72226,3.630701385328667
3,5444,3.729833047277266
3,3624,3.740501604352769
3,2012,3.7556605764333333
3,2011,3.7556605764333333
3,6014,3.7556605764333333
3,5900,3.7556605764333333
3,5872,3.7556605764333333
3,5803,3.7556605764333333
3,1370,3.7556605764333333
3,6287,3.7556605764333333
3,5414,3.7556605764333333
3,4989,3.7556605764333333
3,4816,3.7556605764333333
3,4701,3.7556605764333333
3,4388,3.7556605764333333
3,4153,3.7556605764333333
3,3578,3.762258219722849
3,62,3.7634568791480465
3,5220,3.7556605764333333
3,4979,3.7402215901280935
3,6536,3.7556605764333333
3,6595,3.7556605764333333
3,376,3.743729520986113
3,48780,3.7444464874185432
3,520,3.74616965935118
3,1258,3.747491598173601
3,88163,3.7513603916367604
3,25,3.752817031890024
3,2959,3.75303957097346
3,6541,3.7556605764333333
3,4084,3.7556605764333333
3,3753,3.7556605764333333
3,7325,3.7556605764333333
3,7149,3.7556605764333333
3,6873,3.7556605764333333
3,2701,3.7556605764333333
3,6708,3.7556605764333333
3,6687,3.7556605764333333
3,4018,3.7556605764333333
3,6338,3.351931445523675
3,68358,3.630701385328667
3,60756,3.630701385328667
3,45720,3.488515034661079
3,45221,3.488515034661079
3,102481,3.488515034661079
3,55247,3.50251455903004
3,260,3.508860087112001
3,2762,3.5122552185199227
3,4226,3.514709945731356
3,33495,3.488515034661079
3,2028,3.520740388996759
3,587,3.523402393076073
3,2502,3.530183558834674
3,50,3.530896731686203
3,3977,3.5386370388979396
3,2617,3.5386370388979396
3,165,3.5438375539486713
3,736,3.544305093896351
3,2580,3.52235138087065
3,6711,3.5472506186794
3,53996,3.488515034661079
3,95510,3.488515034661079
3,89492,3.488515034661079
3,134368,3.488515034661079
3,117881,3.488515034661079
3,52245,3.488515034661079
3,138204,3.488515034661079
3,117590,3.488515034661079
3,68319,3.488515034661079
3,140110,3.488515034661079
3,80463,3.488515034661079
3,55768,3.488515034661079
3,116823,3.488515034661079
3,47122,3.488515034661079
3,112556,3.488515034661079
3,71518,3.488515034661079
3,112138,3.488515034661079
3,50601,3.488515034661079
3,96821,3.488515034661079
3,93510,3.630701385328667
3,4643,3.5472506186794
3,152077,3.549495826181931
3,3175,3.5718520830082694
3,2724,3.5718520830082694
3,1911,3.5718520830082694
3,1883,3.5718520830082694
3,3911,3.5740671600205065
3,168,3.5875746794275485
3,151,3.5875746794275485
3,3286,3.5718520830082694
3,10,3.5949257450897316
3,60126,3.6091740409691724
3,33794,3.6110905334750996
3,1276,3.613740975049291
3,1372,3.6140215817101913
3,4306,3.6212111244080365
3,53125,3.630701385328667
3,52973,3.630701385328667
3,223,3.6033391987496874
3,134130,3.549495826181931
3,3354,3.5718520830082694
3,252,3.571097311932485
3,164179,3.549495826181931
3,168250,3.549495826181931
3,1921,3.554456308166939
3,7034,3.555532868817288
3,27416,3.555532868817288
3,1407,3.555532868817288
3,1393,3.555532868817288
3,3555,3.5718520830082694
3,1094,3.555532868817288
3,17,3.555532868817288
3,590,3.556794727157135
3,440,3.5603804247180313
3,349,3.5615923136932173
3,2078,3.566000936183492
3,1610,3.566000936183492
3,353,3.571097311932485
3,1079,3.555532868817288
3,71745,0.5
